,일자,제목,내용
<<<<<<< HEAD
0,25.07.29,외국인·기관 5일 연속 순매수 순항 (7월 29일),"Big Week에도 우려보다 기대감 작용 금일 KOSPI, KOSDAQ은 각각 0.7%, 0.0% 상승했습니다. 이번주에 미중 무역협상, FOMC, 빅테크 실적(Microsoft·Meta 7/30, Apple·Amazon 7/31), 미국 고용보고서(8/1) 등 주요 이벤트들을 앞두고 외국인·기관이 5거래일 연속 KOSPI를 동반 순매수하면서 시장 상승을 주도했습니다. 전날 Tesla와의 계약 소식 후 삼성전자(+0.3%) 이틀 연속 상승했고, 관련 밸류체인(원익IPS +5.7%, 솔브레인 +5.6%)에도 훈풍 이어갔습니다. 그 외에 방산(한화에어로 +4.7%, 현대로템 +5.9%) 및 금융(신한지주 +2.4%, 하나금융지주+2.0%)이 지수기여도 상위에 포진했습니다. KOSDAQ은 장중 800p 이탈 후 20일선 지지를 받으며 회복했습니다."
1,25.07.29,7/29 KB 리서치 장마감코멘트,"장마감 코멘트 - KOSPI 3,230pt (+0.66%), KOSDAQ 804pt (+0.01%)- 한미 관세협상 불확실성과 세제 개편안 우려에 경계감 높아진 가운데 변동성 심화- 빅테크 실적과 FOMC, 고용지표 등 빅위크 앞두고 미 증시는 경계감 고조. EU와의 무역협상 타결 소식 긍정적이나 시장 반응 제한- 국내 증시는 개장 직후 양 시장 1%대 하락세 보였으나 정부의 세제 개편안 발표가 불확실성 해소로 해석, 낙폭 모두 되돌리며 상승 전환 마감- 정부와 더불어민주당은 법인세 최고세율을 24%→25%로 상향하고, 양도세 과세 대상 대주주 기준을 현행 50억원→10억원으로 강화하는 방안을 공식화- 세제 개편안 현실화 우려에 개인 투자자는 5거래일 연속 KOSPI 순매도로 일관, 반면 외국인/기관 동반 순매수 지속, 특히 선물 순매수 규모 1조원 넘어서며 지수 반등에 기여- 김동관 한화그룹 부회장이 조선업 협력 및 한미 협상 지원을 위해 워싱턴으로 출국했다는 소식에 조선주 강세, 한화에어로스페이스 (+4.72%) 등 그룹주도 상승- 한편, EU를 대상으로 유리한 무역협정을 체결했다는 평가에 달러 강세, 한미 관세협상 경계감도 반영하며 달러원 환율은 9원 상승해 1,391원 마감- 단기 고점 부담 여전, 추가 상승 동력 부재한 가운데 대내외 변수에 따른 변동성 연장 가능성 경계할 필요"
2,25.07.29,"마켓레이더(7월 29일, 오전)","KOSPI는 0.4% 상승한 3,222p. 세제 개편 우려 여전한 가운데 전일 낙폭 과대주+ 반도체가 하방 지지- 미국 주식시장은 EU 관세 협상 타결에도 트럼프 관세 발언 영향 상방 제한. 대중 재제 해제 기대에 반도체 상승- S&P500 +0.0%, NASDAQ +0.3%, 필라델피아반도체 +1.6%. 금주, MS, 메타 등 M7 실적 대기- EU 관세 합의(15% 관세율 타결)에도 불구하고 트럼프, 협정 미체결국에 15~20% 상호관세 부과 시사- KOSPI는 전일 낙폭 확대했던 금융주 저가매수세 유입되는 가운데 반도체 낙폭 회복하며 지수 강보합- 오전 외국인 KOSPI 현선물 순매수. 현물 5거래일 연속 순매수. 전일 낙폭 확대했던 금융 순매수 재개- 업종별로 방산, 조선, 원자력, 지주, 금융지주, 상승. 반도체, 화학, 자동차, 철강, 증권 업종 하락- 당정, 법인세율 24→25% 인상 및 대주주 기준 50억 → 10억 강화 공식화. 세제개편안 우려 현실화 수순- 전일 하락 했던 정책 수혜주(금융지주, 증권, 보험, 지주) 일부 저가매수세 유입, 낙폭 대비 반등폭 미미- 팜젠사이언스, +20%, 경구용 당뇨병 치료제 미그리스정 품목 허가 및 GLP-1 유사체 개발 시작- 풀무원, 수입 대두 공급량 감소로 인한 두부 대란 우려에 장중 15% 이상 상승- 한국 실적)금일 한화오션/시스템, 한국항공우주, PI첨단소재, 대우건설, 크래프톤 실적 발표 예정- 장초 전일 급등 후 하락 출발했던 반도체 대형주 동반 하락하며 지수 낙폭 확대했으나 반등하며 강보합- 금주 주요일정 산재. 관세(8/1), 실적(M7 포함 한미 주요기업), 금리(FOMC(7/29~30), BOJ(7/30~31)), 미국 PCE(7/31), 미 고용보고서(8/1). 및 세제개편안 발표 일정 확인 필요"
3,25.07.29,Daily Morning Brief(2025.07.29),"[전일 해외시장 요약]- 미국증시: Dow (-0.14%), S&P500 (+0.02%), Nasdaq (+0.33%)- 미국증시, 미-EU 간 무역협상 타결과 미-중 90일 관세 유예 가능성에 상승 출발했으나, 주중 이벤트(관세, FOMC, 고용 등) 경계심리에 혼조 마감- 트럼프, 무역협정 미체결 국가에 대한 관세는 15~20% 수준이 될 것이라고 밝힘- 트럼프, 푸틴에게 늦어도 8월 9일까지 우크라이나와 휴전 협정을 체결하라고 압박"
4,25.07.29,Global Daily (7월 29일),"주요 뉴스- Summary: 금주 예정된 빅이벤트 대기 속 강보합 마감. S&P500 +0.0%- 관세 협상: 미-EU 관세율 15%로 무역 협상 타결에 이어 중국과 협상 과정에서 90일 유예 가능성 부각- 실효 관세율: 트럼프는 남은 국가엔 15~20% 사이 관세율을 부과하겠다 발언. 실효 관세율 상승 우려 부각- 반도체 강세: 관세 우려 완화 및 삼성-테슬라 계약 영향으로 강세, 엔비디아 +1.9%, 필반 +1.6%- 업종: 부동산(-1.7%), 소재(-1.5%) 등 하락했던 반면 에너지(+1.1%), IT(+0.8%) 등이 지수 방어- 종목: 테슬라는 삼성전자와 AI칩 생산 발표에 3.0% 상승, 나이키(3.9%)도 JP모건 투자의견 상향에 강세- 빅위크: 미중 무역협상(29일), FOMC(29~30일), MS, 메타 실적(30일), 애플, 아마존 실적(31일), 고용보고서 (1일)"
5,25.07.29,"QRA Update: 방장 사기맵 ON, 유동성 3Q>4Q","3Q25 QRA - Key Facts1) 오늘 새벽 공개된 미국 재무부의 3분기(7~9월) 차입 추정치는 1조 700억 달러로 올해 2월 초에 제시되었던 예상치 대비 4,530억 달러 증가. 이는 분기 초 낮아져 있는 TGA 잔고와 순 현금 흐름 감소 예상에 기인. 분기 말 TGA 잔고 목표치는 8,500억 달러 유지했고 분기 초 TGA 잔고가 이보다 낮음을 감안하면 분기 차입 규모는 4월 발표치 대비 600억 달러 높음2) 4분기 차입 예상치는 4분기 말 TGA 잔고 8,500억 달러를 가정하고 5,900억 달러로 제시됨3) 만기별 발행 규모 등 추가적인 관련 디테일은 미국 현지 시간으로 7월 30일 오전 8시 30분 발표 예정(한국 시간 기준 저녁 9시 30분)"
6,25.07.29,[IBKS Daily] Morning Brief(250729),"[ 국내증시 ]- KOSPI는 전 거래일 대비 0.4% 상승한 3,209.5P로 마감, KOSDAQ은 전 거래일 대비 0.3% 하락한 804.4P로 마감- 코스피, 삼성전자 급등에 힘입어 3,200선 방어…테슬라 수주 소색에 외국인·기관 동반 순매수- 삼성전자, 테슬라 차세대 AI칩 2nm 공정 수주…파운드리 첨단 기술력 신뢰 회복 전환점 마련- 대기업 대신 사모펀드가 국내 M&A 주도… 자금난에 매도자로 전환한 대기업, 시장 선순환 구조도 흔들"
7,25.07.29,"반도체 업종 위주 강세, 미 증시 대체로 상승 마감","국내 증시 Comment3,200pt 안착: 코스피 +0.42% 상승하며 3,200pt 안착. 미국과 EU간 관세 협상이 타결된 점 등으로 지수 상승했으나 제한적. 배당소득 분리과세 관련 노이즈가 섞이면서 금융주 중심 실망 매물 출회. 판현 삼성전자 테슬라와 약 22.8조원 규모 파운드리 계약 체결에 +6.83% 급등, 장중 7만원선 돌파. 이에 솔브레인(+15.67%), 원익 IPS(+15.38%) 등 밸류체인에 속한 업체들의 주가도 동반 상승MASGA 프로젝트: 정부가 관세 협상 카드로 미국에 조선업 부흥을 위한 한-미 조선업 협력 프로젝트인 MASGA 프로젝트 제안. 이에 필리조선소 소유한 한화오션(+8.44%), HD현대중공업(+4.50%) 등 조선 관련주 상승"
8,25.07.29,SK증권 아침에슥_2025.07.29,"미국 - 미미EU 관세 합의에도 불구 여러 이벤트를 앞두고 혼조세 마감- 7월 FOMC, 주요 경제 지표 및 기업 실적 발표가 예정되어 정확한 방향성이 잡히지 않음"
9,25.07.29,Daily 신한생각 (7월 29일),"Top down글로벌 주식전략8월 미국 주식시장 전략: 이격 과열을 식히는 시간Bottom up기업 분석삼성중공업 (010140/매수) 2Q25 Re 시작되는 이익률 상승iM금융지주 (139130/매수) 실적 회복이 이끄는 주가 정상화해외기업 분석발레로 에너지 (VLO.US) 업황 강세가 여실히 드러난 실적다우 (DOW.US) 부진한 업황, 구조조정 본격화신한 속보RFHIC (218410) 2Q25 잠정실적: 방산이 초든든"
10,25.07.29,SK증권 Global Carbon Market Daily_250729,"배출권/에너지 관련 뉴스[뉴욕유가] 트럼프 대러 휴전 시한 압박에 급등…WTI 2.4%↑https://www.yna.co.kr/view/AKR20250729005100009?section=search유엔 '탄소감축 목표' 제출 기한 한 달 앞으로, '캄캄이' 추진에 정부 비판 커져https://www.businesspost.co.kr/BP?command=article_view&num=405235EU는 역성장, 영국은 10년 최고…엇갈린 태양광 시장 흐름https://www.impacton.net/news/articleView.html?idxno=15971"
11,25.07.29,7/29 KB 리서치 모닝코멘트,"국내 및 글로벌 증시 동향[미국 증시 동향]- EU와의 무역협상 타결에도 빅위크 경계감에 혼조세. S&P 500 6거래일, 나스닥 4거래일 연속 상승 및 신고가- EU 합의 소식 긍정적이나 상호관세 유예 만료 임박한 가운데 주요국 협상 진전 여부 불확실해 시장 반응 제한- 이번 주 MS 등 빅테크 실적과 FOMC, 고용 및 물가지표 예정으로 변동성 확대 가능성 대비하며 관망세 고조- 삼성전자와 빅딜에 테슬라 +3%대, 미중 관세 유예 연장 기대감에 엔비디아 2% 가까이 상승하며 지수 견인[FICC 시장 동향]- 미국 10년물 국채수익률 4.41% (+2.2bp), 2년물과 5년물 국채 입찰이 진행된 가운데 경계감 속 소폭 상승- 달러 인덱스 98.67 (+1.04%), 미국이 EU와 유리한 무역협상 결과를 도출했다는 평가에 상승- 유가 66.71달러/배럴 (+2.38%), 트럼프가 러시아에 우크라이나 휴전 합의 시한을 앞당기겠다고 발언해 급등[중국 및 유럽 증시 동향]- 중국 증시, 미중 관세협상 앞두고 소폭 상승. 일본, EU의 협상 마무리로 관련 불확실성 해소 기대감 작용- 유럽 증시, 미국과의 무역협정 결과에 실망하며 하락. 시장은 무관세 혹은 작년 평균 관세율인 2.5%를 기대[주간 증시 캘린더] * 한국시간 기준, (실): 실적발표, (휴): 휴장, 미: 미국, 유: 유럽, 중: 중국, 한: 한국, 유: 유럽> 28 (월): 미 6월 JOLTs (구인율), > 29 (화): 한 금통위 의사록, > 30 (수): 미 7월 ADP 민간고용> 31 (목): FOMC (30~), BOJ 통화정책회의, 미 6월 PCE, (실) 삼성전자 (확정), 마이크로소프트, 메타 플랫폼스> 8/1 (금): 미 7월 비농업부문 고용, ISM 제조업 PMI, 미시간대 소비자심리지수 (확정), (실) 애플, 아마존"
12,25.07.29,국내 주식 마감 시황 - 7월 28일,"삼성전자가 떠받친 지수금일 KOSPI, KOSDAQ 각각 +0.4%, -0.3% 등락했습니다. 일본에 이어 주말 간 미국-EU의 무역 협상이 타결(세율 15%)됐고, 한국은 25% 관세 발효 하루 전인 31일 재무장관 간 협상 일정이 잡히며 기대감 유입됐습니다. 다만 주말 간 배당소득 분리과세를 비롯한 세법 개정안 내용이 언론에 보도되면서 금융주 실망 매물 출회되며 SK하이닉스(-1.5%)·두산에너빌리티(-3.6%)와 함께 4대 금융지주가 KOSPI 지수기여도 하위권을 차지했습니다(KB -7.0%, 신한 -5.6%, 하나 -8.9%, 우리 -3.5%). 삼성전자(+6.8%)는 Tesla와 22.8조원 규모 파운드리 계약 체결 소식을 밝히며 지수를 받쳐줬고, 두산테스나(+30.0%) 등 협력사도 강세 보였습니다."
13,25.07.29,7/28 KB 리서치 장마감코멘트,"장 마감 코멘트- KOSPI 3,209pt (+0.42%), KOSDAQ 804pt (-0.32%)- 미-EU 무역협상 타결, 삼성전자 급등 등 일부 대형주 강세에도 혼조세 마감- 금일 새벽, 미국과 EU의 무역협상 타결. 미국은 유럽산 제품에 15% 상호관세 부과. EU는 7,500억 달러 규모의 미국산 에너지 제품 구매 및 6,000억 달러 추가 투자 진행 예정- EU와의 협상 타결은 불확실성 해소로 긍정적이나, 이번 주 우리나라의 무역협상 결과 앞두고 시장은 관망세 부각- 삼성전자는 테슬라와 22.8조원에 달하는 대규모 반도체 위탁생산 (파운드리) 계약 체결 소식에 6%대 급등하며 11개월 만에 주가 7만원 돌파- 삼성전자, 2차전지, 자동차 중심 대형주 반등. 반면, 세제개편안 (대주주 기준 10억원으로 강화, 법인세 및 증권거래세 인상 등) 우려에 금융지주, 지주 등은 낙폭 확대- 외국인은 7월 중순 이후 재차 매수 강도 높여온 가운데 금일 4,800억원 포함 한 달간 KOSPI를 4.7조원대 순매수- KOSPI는 미국과의 무역협상 결과와 실적 시즌 본격화를 앞두고 3,200선 안착 시도- 또한 FOMC (30~31), 마이크로소프트, 메타, 애플, 아마존 등의 빅테크 실적이 대기하고 있어, 낮아졌던 시장 변동성 재차 높아질 가능성에는 대비 필요"
14,25.07.29,Yuanta Morning Snapshot (2025.07.29),"■ 시장 리뷰 & 코멘트▶ 한국 증시코스피지수는 전장대비 13.47t(+0.42%) 상승한 3,209.52pt에 마감. 삼성전자가 테슬라와 대규모 반도체 위탁생산 공급 계약을 체결하며 지수상승을 견인, 상승 마감▶ 미국 증시다우지수는 전장대비 64.36pt(-0.14%) 하락한 44,837.56pt에 마감. 미국과 EU과 관세를 놓고 무역 협정에 합의했음에도 랠리를 촉발하지 못하며 하락 마감▶ 아시아 증시닛케이지수는 전장대비 457.96pt(-1.10%) 하락한 40,998.27pt에 마감. 미일 관세 협상으로 인한 과열감에 차익 실현 매도세가 유입되며 하락 마감상해종합지수는 전장대비 4.28pt(+0.12%) 상승한 3,597.94pt에 마감. 미중 3차 무역협상을 앞드고 합의 달성 기대가 커지며 상승 마감"
15,25.07.28,한국 관세협상 걱정과 관세 이후 보아야 할 것,"자동차 문제로 타결이 어려울 것 같던 일본과의 관세협상에 이어 유럽까지 협상이 타결되었습니다. 영국, 호주, 뉴질랜드 등 앵글로색슨 국가와 라틴아메리카는 10%, 일본, 유럽 등 기타 동맹국 15%, 동남아시아 등 나머지 국가는 20% 내외, 중국은 40% 이상 정도로기타 동맹국 15%, 동남아시아 등 나머지 국가는 20% 내외, 중국은 40% 이상 정도로 결정될 모양입니다. 이게 미국이 생각하는 세상의 위계인지도 모르겠습니다. 협상이라고는 하 결정될 모양입니다. 이게 미국이 생각하는 세상의 위계인지도 모르겠습니다. 협상이라고는 하지만 사실상 일방적인 관세 부과에 가까워, 후퇴(TACO)라기보다는 승리(Victory)에"
16,25.07.28,"마켓 레이더 (7월 28일, 오전)","KOSPI는 0.1% 하락한 3,193p. 세제 개편 우려에도 삼전, 조선, 2차전지, 자동차 등 대형주가 하방 지지- 미국 주식시장은 EU, 중국 협상 기대감에 S&P500 신고가 재경신. 6,400p 육박. 빅테크 실적 발표 대기- S&P500 +0.4%, NASDAQ +0.2%, 필라델피아반도체 +0.03%. 관세 협상 진전과 빅테크 실적 대기- 트럼프, EU 및 중국과 무역 협상 긍정적 언급 →이후 27일(현지) 미?EU실제 관세 합의. 15% 관세율 타결- 트럼프, 금리 인하 압박 위해 연준 급방문. 10년물 국채금리 4.3% 등락. 금주, MS, 메타 등 M7 실적 대기- KOSPI는 기업 실적 영향력 지속되는 가운데 세제개편안 우려에 금융지주, 지주 등 정책 수혜주 낙폭 확대- 기관, 금융투자 KOSPI 선물 4거래일 연속 이어지는 가운데 외국인 현선물 동반 순매도 전환(규모는 미미)- 업종별로 조선, 방산, 기계(전력기기), 유틸리티, 2차전지 상승. 금융지주, 지주, 증권, 보험 업종 하락- 정책)정책에 대한 우려 지속. 세제개편안이 핵심. 대주주 기준 10억 강화, 법인세 및 증권거래세 인상 등- 배당소득 분리과세도 기대 이하. 지수 상방 제약. 정책 수혜주(금융지주, 증권, 보험, 지주) 호실적에도 ↓- 연이은 주가 상승으로 시총↑ 지수 하방압력도 ↑. 삼성전자, LG엔솔, 자동차, 조선 등 대형주가 하방지지- 삼성전자)부진 지속되던 파운드리, 22.8조원 규모 대형 수주 계약 체결 공시. 테슬라가 유력한 것으로 보도- 효성중공업, 사상 최대 분기 실적. 전력기기 이익률 급증. 최근 1년 3배 넘는 주가 상승에도 목표주가 상향- 2차전지)최근 목표주가 상향 지속. 바닥 이후 반등 흐름. LG엔솔, 특허 소송 승소에 이어 ESS 고성장 기대- 조선)관세 협상 카드 및 호실적 발표. 산업부 장관, 러트닉 찾아가 미국에 수십조 규모 MASGA(Make American Shipbuilding Great Again) 협력 제안. 미국 협력도 이미 높은 한화오션 상승폭 확대- 철강, 강관) 역시 조선과 더불어 관세 협상 주요 수단. 알래스카LNG 프로젝트 참여 기대(TCC스틸 +14%)- 자동차)대표적 관세 피해주. 일본, EU 모두 자동차 품목관세 인하 성공. 관세 불안 해소시 수익 개선 기대- 금주 주요일정 산재. 관세(8/1), 실적(M7 포함 한미 주요기업), 금리(FOMC(7/29~30), BOJ(7/30~31)), 미국 PCE(7/31), 미 고용보고서(8/1). 세번째 레슨 일희일비 않기를 잘 떠올리며 차분하게 일정 확인 필요"
17,25.07.28,Tech Weekly,"변동성을 예상, 상호관세 결과에 주목7/21~25 주간, 미국의 나스닥(+1.0%)과 S&P(+1.5%)가 최고치를 경신하였으나 국내 IT 기업의 주가는 상호관세 합의의 결과를 기대하면서 변동성이 높은 주간이었다. 또한 SK하이닉스는 2025년 2Q 영업이익(9.2조원)은 최고를 기록하였으나 한 주간에 1.1% 하락, 고점 이후에 약세를 보였다. 삼성전자도 단기간(3M +18.3%) 상승 이후에 차익실현, 하반기에 레거시 반도체 가격 전망이 이전 대비 낮아지면서 1.8% 하락하였다. 반면에 LG디스플레이는 2025년 하반기 영업이익의 흑자전환 예상, 아이폰17에서 점유율 증가 기대감이 높아져 전주대비 9.1% 상승하였다. LG전자도 자사주 소각 등 밸류에이션 저평가 요인으로 1.2% 상승하였다. 삼성전기와 LG이노텍은 각각 2.7%, 0.8%씩 하락을 기록하였다. 애플이 2026년 4Q에 폴더블폰 출시 전망으로 관련 기업의 주가가 강세를 보인 이후에 조정을 보인 한주였다. 삼성전자의 갤럭시Z폴드7/플립7 예약 판매가 예상을 상회, 출시 이후에 판매 호조를 기대하면 당분간 폴더블폰 관련 기업의 주가 흐름은 양호할 것으로 기대한다."
18,25.07.28,Daily Morning Brief(2025.07.28),"[전일 해외시장 요약]- 미국증시: Dow (+0.47%), S&P500 (+0.40%), Nasdaq (+0.24%)- 미국증시, 미국이 EU와 무역 합의에 이를 것이라는 기대감에 매수세 유입되며 상승- 트럼프, 대부분의 무역 합의가 내달 1일 전에 마무리될 것으로 예상한다고 밝힘- 트럼프, 유럽연합(EU)과 무역합의 가능성에 대해 50대 50으로 평가"
19,25.07.28,SK증권 아침에슥_20250728,미국 - 미국 · EU 정상 회동에 무역합의 기대감으로 상승 마감- 무역 합의 기대감 확산 · 양호한 기업 실적으로 S&P500 5일 연속 사상 최고치 경신
20,25.07.28,Daily 신한생각 (7월 28일),"Top downWeekly Guide Book자산배분: 관세 불안은 감소, 정책 기대는 고조Key Chart: 중국발 공급과잉 해소 기대경제/금융시장: 관세 불확실성 완화로 경기 반등 지속경제_외환시장: 달러화, 주요 인사 발언 및 엔화 강세 속 하락주식_해외: 신-구 조화주식_국내: 감속 구간 통과 중주도주&테마: 의심의 벽을 타고 오르는 2차전지 주가채권_글로벌: 파월 해임 우려 완화채권_KTB: 한-미 관세 협상 대기채권_Credit: 회사채 신용 스프레드 소외 현상대안자산_CM&REITs: 가수요가 당긴 산업금속 가격 랠리Chartbook & Portfolio해외 채권전략ECB 통화정책회의: 관망세 속 금리 반등의 서곡Bottom up기업 분석LG에너지솔루션 (373220/매수) 어려울 때 돋보이는 경쟁력두산에너빌리티 (034020/매수) 2Q25 Re: 다음 시세 분출을 위한 동력 준비 완료기아 (000270/매수) 관세로 꺾인 이익. 하반기 체질 개선이 반등 열쇠현대모비스 (012330/매수) 관세 폭풍 속에 빛난 회복탄력성하나금융지주 (086790/매수) 4분기 추가 자사주 매입 기대우리금융지주 (316140/매수) 빠르게 올라오는 자본비율LG전자 (066570/매수) 사업 경쟁력 vs 관세 우려효성중공업 (298040/매수) 2Q25 Re 전력 이익률 상승 본격화카카오페이 (377300/중립) 오버행 리스크 주의보S-Oil (010950/매수) 펀더멘탈 이상무두산밥캣 (241560/매수) 2Q25 Re 쉬어 가지만 여유 있는 기다림호텔신라 (008770/매수) 의심에서 확신으로두산퓨얼셀 (336260/매수) 2Q25 Re: 추세의 변곡점에서 필요한 한 가지HDC현대산업개발 (294870/매수) 점점 더 확실해지는 실적 고성장성효성티앤씨 (298020/매수) 방향성은 위해외기업 분석인텔 (INTC.US) 점유율 축소 우려 가중"
21,25.07.28,[Market Nowcast] 바쁠 일주일,"[Week Ahead]- 지난 주까지도 글로벌 전반적으로 나쁘지 않은 흐름 지속. 일본은 미국에 대해 5500억 달러 규모 대미 투자 등의 조건을 제시하며 상호관세율을 15%로 줄인 채 타결하자 니케이225 지수 주간으로 4%대 강세 시현. 반면 한국은 관세 유예 기한 임박하는 가운데 협상이 순조롭지는 않은 듯한 모습을 보이고 있어 이번 주 관련 뉴스플로우 흐름에 대한 민감도 높을 수밖에 없는 환경으로 해석. 트럼프가 TACO 밈 등으로 조롱받고는 있으나 결국 뒤돌아보면 트럼프가 원하는 방향대로 거의 모든 것들이 전개되고 있는 상황. 금요일까지 협상 타결이 안된다면 25% 관세 부과 현실화될 예정- 코스피종합지수 기준 지수가 3200pt 전후에서 크게 빠지지는 않는 모습 이어지고 있으나 세부적으로는 지난 주에 소형주들의 약세가 두드려졌음(지난 주 코스피 대형주 +0.5% / 코스피 소형주 -2.7%). 세제개편 세부 내용들에서 법인세 최고세율 상향 조정(24 -> 25%), 배당소득 분리과세 관련 추가 조건 설정, 대주주 기준 강화(기존 50억 -> 10억) 등의 소식들이 시장에 유입된 영향이 적지 않다고 판단- 현재 고객예탁금은 7월 23일 기준 66.4조원(7월 1일 고점 기준 70.4조) 등으로 여전히 풍부한 상황이나 개인 투자자들의 투자심리 냉각도 어느 정도 우려할 수 있는 상황. 5월 초 대비 개인 투자자들은 국내 증시에 상장된 코스피/코스닥 지수형 레버리지 ETF를 -2조원 가까이 순매도중이며 인버스/곱버스 ETF는 +1.2조원가량 순매수 중으로 보유한 돈은 많지만 사지는 않는 중(코스피200 /코스닥150 지수 선물/현물 레버리지형 및 인버스형 ETF 23개 기준)- 대외적으로도 일정이 많은 한 주. 1) 미국 재무부 분기별 리펀딩 계획 발표(한국시간 기준 화요일 새벽과 수요일 밤), 2) 7월 FOMC(결과 발표는 한국시간 기준 목요일 새벽, CME FedWatch 기준 동결 확률 96%), 3) 미국 빅테크 실적발표(금주 마이크로소프트, 애플, 아마존, 메타 등 실적 발표 예정 8월 27일 예정인 엔비디아 실적 전까지는 이번 주가 실적 발표 일정 중 가장 중요할 수밖에 없음) 등의 일정이 있으며 4) 국내 증시도 삼성전자와 조선/방산 기업들 중심으로 실적 발표 일정이 많은데, 평시 대비 변동성 위아래로 높을 수 있음은 유의- 미국 실적시즌은 S&P 500 유니버스 중 35% 정도 실적 나온 가운데 84% 조금 넘게 어닝서프라이즈 내며 평균 대비 우수하게 진행 중. 이번 주에 전체의 33%이 추가적으로 실적 발표하면 70% 정도 발표하게 되며 실적 시즌은 마무리 수순. 국내의 경우에는 실적시즌 시작한 지 얼마되지 않았지만 코스피 2분기와 올해 영업이익 추정치가 한달 전 대비 -2.2%, -2% 하향 조정되는 등 우호적으로 돌아가고 있지는 않음. 셀온은 발생할 수 있겠지만 눈높이가 계속 올라갈 여력이 있는 기존 주도주의 선호도 재차 높아질 수 있음"
22,25.07.28,Global Daily (7월 28일),"주요 뉴스- Summary: 관세 협상과 실적 기대감에 사상 최고치 경신 랠리. S&P500 +0.4%- 관세 협상: 트럼프가 유럽/중국과 진전있다는 발언에 기대심리 강화. 27일 EU 관세율 15%로 최종 타결- 기업 실적: 현재까지 2분기 실적을 발표한 S&P500 기업 169곳 가운데 82%가 시장 전망을 상회하는 실적을 발표- 대형주 vs. 테마주: 차주 빅테크 실적 발표 집중된 가운데 기대감 반영하며 대형주는 견고. MS +0.6%, 팔란티어 +2.5%. 반면 테마주는 차익실현 압력. 리게티 -3.2%, 로켓랩 -1.5%- 업종: 커뮤니케이션(-0.9%), 에너지(-0.4%) 외 전업종 상승. 소재(+1.2%), 산업재(+1.0%) 상승 주도- 주요이슈: 미-중 무역협상(28~29일), MS, 메타 실적(30일), 애플, 아마존 실적(31일), 비농업고용(1일)"
23,25.07.28,"실적 장세와 무역협상에 집중, 미 증시 상승 마감","국내 증시 Comment한-미 통상협상 경계감: 코스피와 코스닥 차별화된 모습. 한-미 통상 협상이 연기된 이후 시장 투자자들은 경계감을 보이면서 관망하는 모습. 코스피 3,200pt 앞두고 등락장세. 2분기 실적 서프라이즈를 보이면서 한화엔진(+11.36%), HD현대마린솔루션(+6.64%) 상승하는 등 실적장세를 보이기도 했음. 실적시즌과 관세협상이라는 거시변수가 시장 변동성을 촉발하는 중.스테이블코인 관련주 상승: 빠르면 금주 스테이블코인 법안이 발의될 것이라는 소식에 다날(+9.23%), LG씨엔에스(+4.52%) 등 관련주 상승. 정책 관련주의 호재가 소멸되는 듯 보이지만 아직 투심은 살아있는 모습"
24,25.07.28,iM증권|2025.07.28|조회 1317,"[ 국내증시 ]- KOSPI는 전 거래일 대비 0.2% 상승한 3,196.1P로 마감, KOSDAQ은 전 거래일 대비 0.4% 하락한 807.0P로 마감- 관세·세제 개편 등 대형 이벤트 앞두고 관망세 짙어지며 증시 거래량 급감- MSCI 8월 리뷰에서 LIG넥스원,효성중공업, 두산 등 방산 및 친환경 강세주 편입 전망- 테슬라가 부진한 2분기 실적과 머스크의 향후 실적 불확실성 시사 발언 여파로 8% 급락한 반면, 알파벳 등 AI 기대감에 힘입은 기술주 상승으로 S&P, 나스닥은 사상 최고치 경신"
25,25.07.28,SK증권 Global Carbon Market Daily_250728,"배출권/에너지 관련 뉴스[뉴욕유가] 공급 확대 우려 속 무역 불확실성에 하락…WTI 1.3%↓https://www.yna.co.kr/view/AKR20250726004500009?section=search탄소배출권으로 법원 간 한전·환경부… 법원, 환경부 손 들어준 이유는https://n.news.naver.com/mnews/article/366/0001095864?sid=101미래 삶 좌우' 2035 온실가스 감축목표, 한달 논의로 수립될 판https://www.yna.co.kr/view/AKR20250725124400530?input=1195m"
26,25.07.28,7/28 KB 리서치 모닝코멘트,"국내 및 글로벌 증시 동향[미국 증시 동향]- EU와의 무역합의 기대감에 3대 지수 동반 강세 마감. S&P 500은 5거래일 연속 종가 기준 사상 최고- 6월 내구재 수주 3,118억 4,800만 달러로 전월비 감소, 2분기 실적 보고 기업 169개사 중 82% 예상 상회- 테슬라, 반발매수세 유입에 +3%대. 인텔, 순손실 급증에 -8%대. 차터커뮤니케이션스, 실적 부진에 -18%대- 한국시간 28일 새벽 EU와 15% 관세 합의. EU는 7,500억 달러 미국산 에너지 구매 및 6천억 달러 추가 투자[FICC 시장 동향]- 미국 10년물 국채수익률 4.39% (-0.8bp), 트럼프와 파월 간의 대립이 완화되며 하락- 달러 인덱스 97.65 (+0.28%), 트럼프가 연준의 금리인하 가능성을 언급한 영향에 상승- 유가 65.16달러/배럴 (-1.32%), 셰브론의 베네수엘라 원유 공급 확대 우려 및 무역협상 불확실성에 하락[중국 및 유럽 증시 동향]- 중국 증시, 미중 관세협상 앞두고 7거래일 만에 하락. 8/12 만료되는 관세 유예가 90일 연장될 것으로 전망- 유럽 증시, 트럼프의 'EU와의 타결 가능성 50대 50' 발언에 혼조세. 주말 사이 15% 관세로 타결[주간 증시 캘린더] * 한국시간 기준, (실): 실적발표, (휴): 휴장, 미: 미국, 유: 유럽, 중: 중국, 한: 한국, 유: 유럽> 28 (월): 미 6월 JOLTs (구인율), > 29 (화): 한 금통위 의사록, > 30 (수): 미 7월 ADP 민간고용> 31 (목): FOMC (30~), BOJ 통화정책회의, 미 6월 PCE, (실) 삼성전자 (확정), 마이크로소프트, 메타 플랫폼스> 8/1 (금): 미 7월 비농업부문 고용, ISM 제조업 PMI, 미시간대 소비자심리지수 (확정), (실) 애플, 아마존"
27,25.07.28,국내 주식 마감 시황 - 7월 25일,"아직 걷히지 않은 불확실성금일 KOSPI, KOSDAQ 각각 +0.2%, -0.4% 등락했습니다. 아직 관세 불확실성이 이어지며 적극적 매수세 유입은 제한됐습니다. 반도체(삼성전자 -0.2%, SK하이닉스 -1.3%)·자동차(현대차 -0.5%, 기아 -0.9%) 등 관세 피해주 부진한 가운데 주도 업종인 산업재가 재차 강세 보였습니다(HD현대중공업 +5.8%, 현대로템 +4.0%). Tesla(-8.2%)는 실적 부진과 함께 Elon Musk가 부정적 톤으로 전망을 언급하자 큰 폭 하락했고, 이에 국내 배터리 밸류체인(LGES -1.2%, 엘앤에프 -3.0%) 약세 연출됐습니다. 다음 주 관세 이슈에 더해 세법개정안 초안 공개 과정에서 변동성 노출될 수 있는 만큼 관망 심리 이어질 것으로 보입니다."
28,25.07.28,7/25 KB 리서치 장마감코멘트,"장 마감 코멘트- KOSPI 3,196pt (+0.18%), KOSDAQ 806pt (-0.36%)- 한미 무역협상 진행 상황 주시하며 관망세 고조, 방향성 부재한 가운데 박스권 움직임- 미 증시는 알파벳 호실적과 EU 무역합의 기대감에 S&P 500, 나스닥 신고가 경신 vs. 다우 지수 하락하며 혼조세 마감- KOSPI 상승 탄력 둔화되며 3,200선 밑에서 등락 거듭. 한미 협상 카드로 부각된 조선 업종 강세 연장, 방산 및 금융 업종 소폭 상승- 실적 호조에 현대글로비스 (+3.94%), 한화엔진 (+11.93%) 상승. 반면, 영업이익 급감에 LX세미콘 (-8.17%) 급락 등 실적에 따른 주가 등락 엇갈림- 상호관세 부과 유예 시한 일주일 앞두고 한미 2+2 고위급 회담 무산된 가운데 통상 분야 협의는 예정대로 진행. 지난밤 러트닉 상무부 장관과 타결 방안 논의한 것으로 확인- 미 관세 이슈와 기업실적, 정부의 세제 개편안 등 다양한 변수에 대한 경계감과 상승 피로감 반영하며 쉬어가는 한 주, KOSPI +0.25%, KOSDAQ -1.67%- 다음 주, 시한 내 관세협상 타결 여부에 관심 집중될 전망. 연준에 대한 트럼프 대통령의 금리인하 압박 지속되는 가운데 FOMC 통화정책 결과도 중요- MS, 메타, 애플, 아마존 등 빅테크 실적도 대거 예정, 미 고용과 PCE 등 지표도 다수 대기하고 있어 한미 협상 결과와 더불어 증시 방향 결정할 변수로 작용할 전망"
29,25.07.28,Yuanta Morning Snapshot (2025.07.28),"■ 시장 리뷰 & 코멘트▶ 한국 증시코스피지수는 전장대비 5.60t(+0.18%) 상승한 3,196.05pt에 마감. 한미 무역협상을 앞두고 산업통상자원부 장관과 미 상무부 장관의 회담이 성사되며 소폭 상승 마감▶ 미국 증시다우지수는 전장대비 208.01pt(+0.47%) 상승한 44,901.92pt에 마감. 미국 기업들의 견조한 실적과 EU 간 무역 협상 타결 기대감에 상승 마감▶ 아시아 증시닛케이지수는 전장대비 370.11pt(-0.88%) 하락한 41,456.23pt에 마감. 크게 상승했던 자동차주를 중심으로 차익실현 매도세가 확산되며 하락 마감상해종합지수는 전장대비 12.07pt(-0.33%) 하락한 3,593.66pt에 마감. 최근 랠리에 따른 차익실현 물량의 출회와 다음주 정치국회의를 앞둔 관망세 속 소폭 하락 마감"
=======
0,22.10.20,"미 국채 10년물 4.1% 돌파, 뉴욕 증시 약세","국내 증시 Comment• 하락 반전 마감: 전일 영국 이슈 완화되며 글로벌 증시 강세보인 점 상방 압력으로 작용하며 한국 증시 상승 출발. 그러나 장 후반 미 국채 금리 상승과 더불어 원달러 환율 약세, 기관순매도 전환으로 이내 하락 반전 마감. 외인은 13일 째 코스피 순매수 유지하고 있는 상황• LPR금리, 환율 주목: 전일 미국 증시 전체적으로 약세 보인점 하방 압력으로 작용할 것. 미 국채 금리 10년물 4.1% 레벨 대까지 급등한 점 역시 한국 증시에 부담. 장중 발표될 중국LPR 금리 및 원달러 환율 추이에 주목"
1,22.10.20,세계를 여는 사람들 (10월 20일),"러시아, 우크라 점령지에 대한 계엄령 선포- 전쟁/정치/외교 뉴스[뉴시스] 우크라 지원 요청에 이스라엘 국방장관 ""무기는 판매 안해""[뉴시스] ""이란, 우크라 위기해결 도울 준비 돼 있어""-라이시대통령[한국경제] 고전중인 푸틴, 우크라 점령지 4곳 계엄령 선포[매일경제] 맘에 안 든다고 막 잘라…푸틴, 고위장성 5명 중 4명 해고[뉴시스] 우크라이나 파견 러軍 최고사령관 ""상황 매우 어려워"" 인정[머니투데이] ""EU, 이란 '자폭 드론' 제재에 샤헤드항공·고위급 인사 3명 포함""[뉴시스] 러시아 ""우크라, 자포리자 원전 탈환 시도…격퇴""[파이낸셜] 러시아군 ""매우 어려운 상황""...우크라 ""내년 여름까지 종전"""
2,22.10.20,마.리.텔 (10월 19일),"오후 들어 투자심리 약화되며 하락 반전 - 개별주 중심으로 상승 출발했던 국내 증시는 오후 들어 투자심리 약화되며 하락 반전 마감. 미국 3분기 실적, 현기차 충당금 불확실성 소화, 포드 양극재 공급 등이 상승 재료로 작용. 오후 들어 증국 경기 하강, 영국 물가, 국내 자금시장 유동성 노이즈에 주목하면서 증시는 하락 반전. 외국인 선물 매도, 개인 및 기관 현물 매도 등 일관된 수급 형태가 부재하며 KOSDAQ과 중소형주의 반전이 확연히 나타남- 2차전지, 자동차, 철강 상승. 건설, IT, 유통 하락. 1) 2차전지: 포스코케미칼의 포드에 양극재 공급 기대감과 IRA 수혜주 부각에 상승. 2) 자동차: 현대/기아차의 3분기 실적에 세타2 엔진 품질비용 반영 소식이 불확실성 소화 관점에서 해석. 3) 철강: POSCO의 3뷴가 실적 발표 후 반등, 기관 및 외국인 동반 순매수 유입. 4) 건설: 부동산 시장전반 투자심리 냉각과 자금조달 관련 노이즈에 주목하며 약세. 5) IT: 애플이 아이폰14플러스 생산 감축 소식에 반도체 및 하드웨어 전반 약세- 주식시장 저점 인식은 작용하고 있으나 긴축 노이즈가 지속되는 상황. 주가는 미국 기업 실적, 개별 업종 재료에 긍정적으로 반응하나 긴축과 유동성 노이즈가 주가를 끌어 내리는 상황. 명확한 방향성을 찾기 어려운 가운데 기업 실적과 미국 주택지표와 실업수당 지표가 주요 변수"
3,22.10.20,"KOSPI, 7월 저점대 회복 중요","1. KOSPI, 계단식 하락 중 중기 저점 확인- KOSPI, 최근 15일 이평선 회복해 중기 하락세 중단 가능성 높음. 전저점 이탈하는 강한 하락 후 15일 이평선 회복 시 당분간 하락세 진정되어왔음.- KOSPI, 계단식 하락구조 진행 중으로 7월 저점대 위치한 2,300pt 회복 시 장기 하락 구조의 변화 가능.- KOSPI 장기 하락은 미국 기준금리 전망의 변화에 따라 진행. 연준의 금리 전망의 변화가 향후 주가 방향의 가늠자가 될 수 있음."
4,22.10.20,Yuanta Morning Snapshot (2022.10.20),"■ 시장 리뷰 & 코멘트▶ 한국 증시코스피지수는 전장대비 -12.51pt(-0.56%) 하락한 2,237.44pt에 마감. 외국인 순매수세는 지속되었지만, 영국 9월 CPI 발표, 20일 베이지 북 등 이벤트 앞두고 변동성을 우려한 매도세에 하락 마감▶ 미국 증시다우산업지수는 전장대비 -99.99pt(-0.33%) 하락한 30,423.81pt에 마감. 테슬라의 호실적등에도 국채 수익률 상승 및 부정적인 경제 지표 영향으로 하락 마감▶ 아시아 증시닛케이지수는 전장대비 +101.24pt(+0.37%) 상승한 27,257.38pt에 마감. 특별한 재료가 없는 가운데 이익 확정 매물 출회 등 혼조세로 상승 마감상해종합지수는 전장대비 -36.58pt(-1.19%) 하락한 3,044.38pt에 마감. 중국 GDP 발표 연기, 미국 긴축 가속, 추가 봉쇄로 인한 중국 수요 파괴 우려등 투자심리 위축으로 하락 마감"
5,22.10.20,[DS Daily] 뉴욕 한장,"미 증시, 채권시장 혼란으로 3대 지수 하락· 개장전 영국 소비자물가지수 발표. 예상치 10% YoY를 상회한 10.1% 발표에 글로벌 채권시장 매도 강세· 모기지 수요는 25년만에 최저치 기록. 캐시캐리 미니애폴리스 연은 총재는 목표금리를 4.75%까지 제시· 10년물(4.13%, +12bp)과 2년물(4.56%, +12bp)는 영란은행의 긴축 대응 전망에 큰 폭 하락· S&P500은 에너지(+2.93%)가 가장 아웃퍼폼. 전일 실적으로 강세 보였던 은행(-2.88%)은 가장 언더퍼폼· 달러(+0.68%)는 예상치 상회한 소비자물가지수에 따른 파운드화 급락으로 상승· WTI(+3.30%)는 수요 감소 우려와 미국 전략비축유 방출에도 사흘간 하락세에서 반전"
6,22.10.20,eBest Global Market Daily,"● 미국 증시 코멘트▷ 주요 지수 하락 마감. 영국을 비롯한 유럽의 높은 인플레, 긴축적인 연준 인사 발언 등으로 미 국채금리 상승 및 달러 강세 영향. 또한 주택지표 부진이 지속되며 경기에 대한 우려 역시 확대. 다만 베이지북에서 물가 상승세와 타이트한 고용시장의 일부 완화됐다는 내용이 확인되면서 주요 지수는 낙폭을 일부 회복하며 마감▷ 미 국채금리 2Y 4.56%(+12.8bp), 10Y 4.13%(+12.7bp) 상승. 10Y 국채금리는 장중 4.136%까지 상승하며 2008년 7월 이후 최고치 경신▷ 달러인덱스 112.9pt(+0.69%) 기록▷ 베이지북에서는 전월 보고 이후 경제 활동이 완만하게 확장했다고 평가. 다만, 연은 소재 12개 지역 중 4개 지역은 거의 변화 없음, 2개 지역은 경기 하락. 경기 하락 지역에서 수요 약화가 나타남. 높은 금리, 인플레이션과 공급 차질에 따른 소비 지연 영향. 물가 상승세는 여전히 높으나, 일부 지역에서 원자재, 연료, 운임비용 하락이 두드러지며 일부 비용상승은 완만해지고 있다고 언급▷ 연준위원 발언은 매파적 스탠스를 지속. 불러드 세인트루이스 연은 총재는 기준금리를 계속 인상해야 하며, 현재는 경제에 금융 압박이 크지 않기 때문에 연준이 주식시장에 하락에 대응해서는 안된다고 주장함. 카시카리 미니애폴리스 연은 총재는 금리 수준을 4.75%보다 높일 필요성에 대해 언급하며 연준의 기존 점도표보다도 높은 수준을 언급▷ WTI 3.30% 상승. 미 정부의 비축유 방출 소식에도 불구, 원유재고 감소 및 반발매수세 영향으로 유가 상승▷ 주간 원유 재고는 -172.5만 배럴 감소로, 시장 예상(+138만 배럴)과 달리 감소세로 전환(지난주 988만 배럴 증가). 주간 휘발유 재고는 -11.4만 배럴 감소로, 감소세로 전환(지난주 202.3만 배럴 증가)했으나 컨센(-111.4만 배럴) 대비 감소폭은 제한적▷ 9월 건축허가 건수는 1.4% MoM으로, 컨센(-0.8%) 상회 및 전월(-8.5%)비 상승. 주택착공 건수는 -8.1%로, 전월(13.7%)비 크게 하락 및 컨센(-5.8%) 하회▷ MBA 30년 고정 평균 모기지 대출계약금리는 6.94%로, 전주(6.81%) 대비 증가했으며 2002년 이후 최고치 기록. MBA 모기지 신청 건수는 -4.5% WoW로 주택담보대출 수요는 1995년 이후 최저치를 기록▷ 백악관은 인프라법에 근거한 배터리 기업에 대한 1차 보조금($28억) 지급과 함께 미국산 배터리 원료 구상안 발표. 보조금은 인플라법에 근거한 보조금 중 1차 분에 해당하며, 보조금을 받은 기업들의 자체적인 투자를 포함하면 약 $90억 규모가 배터리원료 개발과 생산에 투자될 것. 미국산 배터리 원료 구상안은 글로벌 인프라/투자 파트너십(PGII)를 통해 동맹과 핵심광물 공급망 및 에너지 안보를 강화한다는계획▷ 3Q22 S&P500 실적: 양호한 실적발표 지속 현재까지 63개 종목(시총 비중 18.4%, 순익 컨센 비중 18.5%) 실적 발표. 발표치 반영시 S&P500 합산 순익은 컨센을 +1.0% 상회. 종목별로 45개(71.4%)종목 순익 컨센 상회. 합산 순익 기준 은행(8.6%), 다각화된금융(+3.0%), 자동차및부품(+2.1%) 등이 컨센 상회 주도"
7,22.10.19,Global Daily (10월 19일),"주요 뉴스- Summary: 트러스 감세 사과, 우려대비 양호한 실적에 반등 지속. S&P 500 +1.0%- 트러스 사과: 감세안 사과하면서 영국발 우려 완화. 유럽증시 훈풍이 미국으로 연결- 대형은행 호실적: 은행은 대체로 오늘도 호실적 기조. 골드만삭스 트레이딩 부문 호조- 위험선호 지속: 견고한 기업실적 속 주가 급등 출발. 원자재, 위험통화도 동반 반등 시도- 금리 반등: BOE QT 연기 일축에 금리 반등. 미국 10년물 4% 돌파, 주가 상승폭 축소 마감- 업종: 소재, 산업재, 금융, 유틸 등 민감주 강세 주도. IT는 애플 감산 영향으로 상승폭 제약- 주목할 이슈: 실적 (P&G, ASML, 테슬라, 램리서치 등), 영국/유로존 물가. Fed 베이지북"
8,22.10.19,교보박스 브리핑,"주요국 증시 이슈∙ 美, 추가적인 전략비축유 방출 계획 발표 예정- 미국 백악관 대변인은 추가적인 전략비축유 방출에 관하여 19일에 발표가 있을 것이라고 발언. 바이든 대통령이 전략비축유 방출에 대해 직접 발표할 것이며, 기름값을 낮추기 위해 무엇을 하고 있으며 무엇을 할 것인지에대해 공유할 것이라고 언급∙ BOE, 11월 1일부터 국채 매각 예정- 영란은행(BOE)은 보유 국채를 11월 1일부터 매각한다고 밝힘. 다만, 4분기에는 만기별로 단기와 중기 국채만 매각하고 장기 국채는 처분하지 않는다고 언급. 현재 BOE의 보유 국채는 약 8,400억 파운드 규모∙ 경제지표 발표- 미국 10월 NAHB 주택시장지수는 전월 46을 하회하는 38 기록 (컨센서스 43)"
9,22.10.19,영국 감세안 이슈 완화되며 뉴욕 증시 상승 마감,"국내 증시 Comment• 외인 및 기관 순매수: 전일 한국 증시 글로벌 증시에 힘입어급등 출발. 장 초반 수급 부족에 증시 한때 상승폭 축소되었지만 이후 파운드화 반등 및 외인, 기관 순매수 유입에 상승폭 확대. 특히 외인 12일 째 대형주 위주 순매수 유지하고 있는 상황• 투심 개선: 영국발 불확실성 완화되면서 전일 미국 증시 강세 보인 점 한국 증시에 상방 압력으로 작용할 것. 장 중 원달러환율, 외국인 및 기관 수급에 주목할 것"
10,22.10.19,세계를 여는 사람들 (10월 19일),"바이든, 전략비축유 방출 추진- 전쟁/정치/외교 뉴스[뉴시스] 러 전략폭격기 알래스카 인근 비행…美전투기 대응 출격[아시아경제] 우크라, '러와 무기 밀월' 이란과 단교 추진[뉴시스] 우크라전 237일, 러 헤르손서 철수 가능성 시사[뉴시스] 美국무부 ""러시아, 협상에 일부 관심 징후…말보다 행동을""[NewsPim] 러, 크림대교 보복은 핑계...겨울 앞둔 우크라 전기·수도 파괴나서[매일경제] ""전쟁에 동원되기 싫다, 한국 온 러시아인 20여명, 수명만 입국 허용[한국경제] 러, 키이우 전력 시설에 미사일 공격…""전국 발전소 30% 파괴"""
11,22.10.19,자사주 매입: 주가 부양을 위한 빠른 방법,주가 부양에 대한 투자자의 목소리가 커짐증시 부진이 지속되고 있다. 긴축 기조가 견고해지고 이익추정치 하향이 이어질 것으로 관측된다. 금리와 환율이 안정되지 않는 한 뚜렷한 돌파구가 보이지 않는 상황이다. 거래대금이 연초 대비 크게 감소했고 투자자의 증시 이탈이 지속되고있다. 증시 수급 공백이 이어지면서 주가 하락 국면에서 낙폭이 커졌다. 동시에 투자자들의 주가 부양에 대한 목소리가 커지고 있다.
12,22.10.19,Daily 신한생각 (10월 19일,Top down시황분석자사주 매입: 주가 부양을 위한 빠른 방법대체투자분석글로벌 사모대체투자펀드 운용계약 점검Bottom up산업 분석통신서비스 (비중확대) 든든한 방어주기업 분석롯데정보통신 (286940/매수) 위기를 기회로
13,22.10.19,마.리.텔 (10월 18일),"영국발 노이즈 완화되며 사흘 연속 상승- 국내 증시는 영국발 노이즈 완화되며 사흘 연속 상승 마감. 미국 금용업의 양호한 실적과 로블록스 급등, 영국 새 재무장관의 감세안 추가 철회가 긍정적 변수. 18일 예정됐던 중국 실물 지표 발표가 연기되며 중국 경기 하강 노이즈가 부각되며 지수 상승폭 축소. 오후 들어 BOE가 양적긴축(QT) 시기를 연기할 것이라는 소식이 전해지면서 증시는 재차 상승폭을 확대. KOSPI는 2,250pt선에서 일부 저항 작용- 대부분 업종 상승. 2차전지 밸류체인과 전일 낙폭이 컸던 건설/건자재의 상승이 두드러짐. 인터넷, 게임, 엔터 업종도 강세. 1) 2차전지: 에코프로비엠의 어닝 서프라이즈와 포스코케미칼의 포드向 양극재 공급 추진 기대감. 2) 인터넷/게임: 미국 메타버스 게임업체 로블록스의 주가 급등과 연동되며 게임과 메타버스 테마를 중심으로 강세. 3) 엔터: BTS 멤버의 순처적인 군입대 결정이 불확실성 해소로 작용하며 상승. 4) 특징 테마: 경영권 분쟁(휴마시스), 요소수(獨 공급 이슈)- 영국발 유동성 노이즈가 완화되면서 금융시장은 안도하는 분위기. 안정화 정책 이후 다음 단계에 대한 관심이 높아질 것. 이번 주 미국 금융주, 항공주, 넷플릭스, 테슬라등 실적 발표 예정으로 국내 증시도 연동된 흐름 보일 것으로 판단. 오는 23일 중국최고 지도부 구성 발표에도 관심 집중될 것"
14,22.10.19,다시 살아난 바닥 기대,"1. 수급 장세에서 부각된 외국인의 유입- 9/29일부터 전일(10/18일)까지 외국인 투자자는 12거래일 연속 순매수. 2020년 11월(14거래일) 이후 거의 2년 만에 발생- 외국인 투자자의 거래비중이 코로나19 이전 수준을 회복한 가운데, 순매수가 이어지며 증시 반등을 주도- 반도체 업종에 순매수 집중하며 주가 반등 견인. 그러나 글로벌 반도체 전반의 주가 반등이라기보다 대체로 국내기업 위주로 제한"
15,22.10.19,KOSPI200 / KOSDAQ150 정기변경 전략,"1. KOSPI200 정기변경- KOSPI200/KOSDAQ150 지수 정기변경은 12/8(목)에 리밸런싱. 편출입 종목은 11월 하순 발표. 10월말까지의 시가총액, 거래대금을 기준으로 결정.- 편입 예상 종목은 롯데제과가 유일. 삼양식품은 편입실패할 것으로 전망. 편출종목은 현대홈쇼핑, 삼양홀딩스 중 하위 1종목이 될 것.- 유동비율 변경 종목 중 LG에너지솔루션, 두산에너빌리티, 대한항공의 비중변경 수준은 롯데제과 편입보다 높은 편."
16,22.10.19,Yuanta Morning Snapshot (2022.10.19),"■ 시장 리뷰 & 코멘트▶ 한국 증시코스피지수는 전장대비 +30.24pt(+1.36%) 상승한 2,249.95pt에 마감. 영국 감세안 철회 및 미장 호조세 영향에 기관, 외국인 매수세로 상승 마감▶ 미국 증시다우산업지수는 전장대비 +337.98pt(+1.12%) 상승한 30,523.80pt에 마감. 실적 발표 주간, 다수 기업 호실적 발표로 침체 우려 안도감에 매수세 상승 마감▶ 아시아 증시닛케이지수는 전장대비 +380.35pt(+1.42%) 상승한 27,156.14pt에 마감. 나스닥 지수 급등, 엔화 약세및 영국 감세안 철회 등으로 외국인 매수세 몰려 상승 마감상해종합지수는 전장대비 -3.98pt(-0.13%) 하락한 3,080.96pt에 마감. 중국 국가통계국의 GDP성장률, 산업생산 등 경제지표 일정 연기 및 제20차공산당대회 앞둔 변동성 우려에 하락 마감"
17,22.10.19,eBest Global Market Daily,"● 미국 증시 코멘트▷ 주요 지수 상승 마감. 주요 기업들의 양호한 실적 발표 지속과 전략비축유 방출 가능성 부각에 따른 유가 하락, BofA의 FMS에서 나타난 Capitulation 가능성 부각, 주택시장 부진에 따른 금리 상승 둔화 기대 등의 영향. 다만 영국의 정책적 혼란과 애플의 아이폰14 플러스 생산 축소 등의 소식으로 장중 높은 변동성을 보임▷ 미 국채금리는 2Y 4.43%(-1.5bp), 10Y 4.01%(-0.4bp) 하락▷ 영국 BOE는 오는 11월 1일부터 국채 매각 예정. 당초 10월 31일로 예정된 QT 일정이헌트 신임 재무장관 예산안 발표 일정과 겹치면서 하루 뒤로 연기. BOE는 지난 9월 회의에서 향후 12개월간 800억 파운드를 줄여 총 7,580억 파운드까지 채권보유량을 축소하는 방침을 발표한 바 있음. 4분기 매각에는 30Y 국채는 포함하지 않고, 잔존만기 3년~7년 단기물과 7년~20년 중기물 섹터에서 동일 배분 예정▷ 영국 10Y 국채금리는 3.96%로 감세안 철회 이후 4%선 하회하며 안정세▷ WTI -3.09% 하락. 미국의 전략비축유 방출 검토 보도 영향으로 유가 약세▷ 바이든 행정부가 11월 중간선거를 앞두고 최소 1천만~ 1.5천만 배럴 규모의 전략비축유를 추가 방출 방안을 검토하고 있다는 블룸버그와 마켓워치 보도. 19일 에너지가격 대책 발표에서 감축량을 발표할 것으로 예상. 앞서 바이든 정부는 지난 3월 전략비축유 1.8억 배럴 방출 계획을 밝혔고 그간 1.65억 배럴이 방출된 바 있음▷ BofA의 9월 펀드매니저서베이(FMS) 상 Capitulation 가능성 부각. 그 근거로는 2008년 금융위기와 2020년 COVID 쇼크 보다 높은 현금비중(6.3%), 시장 참가자 중 49%가 주식 비중을 축소하고 있다는 것 등. 한편 68%는 달러가 고평가됐다고 평가▷ 9월 산업생산은 0.4% MoM으로 컨센(0.1%) 및 전월수정치(-0.1%) 상회. 9월 제조업 생산은 0.4% MoM으로 컨센(0.2%) 상회, 전월수정치(0.4%) 수준을 유지▷ 10월 NAHB 주택시장지수는 38로, 컨센서스(43) 및 전월치(46)를 하회. 코로나 영향권인 2020년 봄을 제외하면 2012년 8월 이후 가장 낮은 수치▷ 3Q22 S&P500 실적: 양호한 실적발표 지속 현재까지 45개 종목(시총 비중 12.9%, 순익 컨센 비중 14.3%) 실적 발표. 발표치 반영시 S&P500 합산 순익은 컨센서스 +0.7% 상회. 종목별로 16개(35.6%) 순익 컨센 상회. 업종별로 은행(8.9%), 다각화된금융(+2.0%) 등이 컨센 상회 주도"
18,22.10.19,[DS Daily] 뉴욕 한장,"미 증시, 주요 기업 실적 호조 발표에 이틀째 상승· 산업생산은 0.4% MoM 상승, 설비가동률도 80.3%로 예상치 80% 상회해 제조업 실적 우려는 다소 완화· 10년물(4.01%, -0.38bp)과 2년물(4.43%, -1.4bp)는 실적 호조에 따른 경기침체 우려 완화에 매도 주춤· S&P500은 모든 업종에서 상승. 자본재(+2.76%), 식품(+1.96%), 원자재(+1.91%)가 가장 아웃퍼폼· 달러(-0.03%)는 주요 기업 실적 호조에 따른 위험자산 선호도 증가에 하락· WTI(-3.09%)는 중국이 주요 경제지표 발표를 연기함으로써 수요 감소 전망에 하락"
19,22.10.18,하원을 공화당이 가져가는 것의 의미,◼ 미국 외 세계는 미 연준을 비난하고 있다9월 CPI 물가지표는 대체적으로 시장 예상에 부합한 정도로 발표되었다. 거주비 상승이 부담이지만 현실성에 대한 논란이 제기될 것이다. 유럽 등 세계 각국에서는 연준의 긴축에 대한 불만이 이어지고 있으며 미국 내에서도 긴축 정책에 대한 불만이 나타나기 시작했다. 여전히 연준 위원들은 단호하지만 연준보다는 주요 정치 이벤트를 보며 다음 국면을 준비하자.
20,22.10.18, Global Daily (10월 18일),"주요 뉴스- Summary: 英 헌트 장관의 감세 계획 폐기, 은행실적 호조에 급반등. S&P 500 +2.7%- 은행 호실적: BofA, BNY 멜론 등 주요 대형은행 순익 기대치 상회하면서 실적 기대감 강화- 영국 감세 철회: 헌트 장관, 9월 23일 발표 감세안 대부분 철회. 英 금리 하락, 파운드 급등- 아직 bad is good: 10월 뉴욕 제조업지수 낙폭 확대. 영국 감세 철회 맞물려 금리 하락 견인- 시장: 영국 감세안 발표 이후 안도 랠리 지속되며 장중 내내 강세. 금리 하락, 약 달러 동반- 업종: 시장 과매도권에서 반등하며 대부분의 업종/종목이 강세. 경기소비재, 부동산, IT +3%- 주목할 이슈: 골드만, 트루이스트, J&J 등 대형주 실적 발표. 미국 생산/주택시장, RBA 의사록"
21,22.10.18,교보박스 브리핑,"주요국 증시 이슈∙ 영국 재무장관, 대부분의 감세안 취소- 제레미 헌트 영국 재무장관은 소득세율 인하를 취소하고 에너지 요금지원을 축소한다고 발언. 이미 의회를 통과한 주택취득세율 인하와 국민보험 분담금 인상 취소를 제외한 대부분의 감세안을 취소. 지금까지 취소된 감세정책 규모는 미니예산 450억 파운드 중에서 320억 파운드 규모로 알려짐∙ 中 주요 경제지표 발표 연기- 중국 국가통계국은 18일 발표예정인 3분기 국내총생산(GDP) 성장률 등 주요 경제지표의 발표를 연기. 국가통계국은 변경 사유나 새로운 발표 일정을 밝히진 않음. 현재 3분기 GDP 성장률 예상치는 전년동개대비 3.3%∙ 경제지표 발표- 미국 10월 뉴욕 엠파이어스테이트 제조업지수는 전월 -1.5를 하회하는 -9.1 기록 (컨센서스 -4.0)"
22,22.10.18,eBest Global Market Daily,"● 미국 증시 코멘트▷ 주요 지수 상승 마감. 나스닥이 가장 큰 폭의 상승. 영국의 감세안 철회 가능성으로 파운드 강세 및 달러인덱스 약세와 영국채 금리 하락 및 미 국채 금리 하락이 나타나며 강세. 또한 미 재무부의 국채 바이백 가능성도 미 국채 금리 하락 요인. 더불어 은행주 중심의 긍정적인 실적 발표도 지수 상승 요인▷ 미 국채금리는 2Y 4.44%(-5.3bp), 10Y 4.01%(-0.8bp) 하락▷ 달러인덱스는 112.08pt(-1.09%) 기록, 유로/달러 +1.2%, 파운드/달러 +1.6%▷ 헌트 영국 신임 재무장관은 감세안 대부분의 내용을 폐기. 이미 의회 통과를 마친 주택취득세율 인하와 국민보험분담금 비율 인상 취소는 원안대로 진행하나, 소득세율 인하, 에너지 요금 지원, 배당세율 인하 등은 취소 내지 축소 진행. 연 450억 파운드 규모의 감세안에서 연 320억 파운드 규모가 취소된 것. 이후 파운드화 강세, 영국 국채금리는 30년물 기준 장중 4.36%까지 -47bp 하락▷ 마크 잔디 무디스 애널리틱스 이코노미스트는 6개월 내 인플레이션 절반 수준으로 떨어질 것으로 전망. 연준의 금리인상은 4.5~4.75% 수준에서 마무리되며, 경제 상황을 고려할 것으로 예상▷ WTI -0.18% 하락. 중국 지표 발표 일정 연기로 인한 수요 우려 확대 영향▷ 중국 인민은행은 1년 만기 MLF금리를 2.75%로 동결하고 5천억 위안을 금융시장에 공급하며 위험선호심리에 긍정적 작용. 그러나, 중국의 제로코로나 정책이 지속되는 가운데, 18일 3분기 GDP, 9월 산업생산/소매판매/고정자산투자, 19일 주택가격 등 경제지표 발표를 연기하며 우려 확대▷ 10월 엠파이어스테이트 제조업지수는 -9.10로, 컨센서스(-4.00) 및 전월치(-1.50)를 하회▷ 3Q22 S&P500 실적시즌: 은행주 선방하며 개막 현재까지 38개 종목(시총 비중 10.9%, 순익 컨센 비중 11.2%) 실적 발표. 발표치 반영시 S&P500 합산 순익은 컨센서스를 +1.7% 상회. 종목별로 13개(34.2%)종목이 순익 컨센 상회. 합산 순익 기준 은행(8.9%), 다각화된금융(+23.2%) 등이 컨센 상회 중"
23,22.10.18,영국 감세안 철폐 소식에 3대 증시 급등,"국내 증시 Comment• 상승 반전 마감: 전일 미 국채 금리 급등 및 증시 약세 영향으로 한국 증시 하락 출발. 주말 간 카카오 데이터 센터 화재 및 네옴시티 관련 사우디 빌산만 방한 무산 소식에 카카오 관련주, 건설주 위주로 약세 보였지만, 외국인 11일째 대형주 위주로 코스피 순매수 유입하면서 한국 증시 상승 반전 마감• 투심 개선: 전일 영국 대부분의 감세안 철폐한다는 소식에 글로벌리 투자심리 개선되며 글로벌 증시 급등한 점 한국 증시에 상방 압력으로 작용할 것. 약세 전환한 달러 역시 긍정적"
24,22.10.18,세계를 여는 사람들 (10월 18일),"이란에 대한 추가 제재 검토- 전쟁/정치/외교 뉴스[매일경제] 러 전투기, 자국서 이륙 직후 아파트에 추락...4명 사망, 6명 실종[머니투데이] ""사격훈련은 사치, 군복·군화도 안줘요""…'러 훈련소' 충격 참상[뉴시스] 우크라전 236일, 자폭드론 공격에 8명 사망…러 전투기 추락도[뉴시스] 러-우크라, 110명씩 포로 교환…우크라 女 첫 석방[뉴시스] 나토, 연례 핵억지연습 돌입…러, 핵전쟁 훈련 전 위기 고조[한국경제] 푸틴 동원령 이후 20만명 징집…""러시아 탈출은 두 배 많아""[한국경제] 'NATO 회원국' 튀르키예, 中·러 주도 '반미 협의체' 가입 추진"
25,22.10.18,마.리.텔 (10월 17일),"러시아 전쟁 우려 완화와 영국 법인세 동결 철회- 국내 증시는 대외 악재 불거지며 갭 하락 출발했으나 일부 노이즈 완화되며 상승 전환 마감. KOSPI는 2,200pt선 회복. 푸틴의 대규모 미사일 공격 불필요 발언에 전쟁 우려 완화. 영국 트러스 행정부의 재무장관 경질과 법인세 동결안 철회 등이 금융시장 안도 요인으로 작용. 원/달러 환율 상승폭 축소와 동시에 외국인 현/선물 동반 순매수 유입. 10월 누적으로 KOSPI 1.8조원 가량 순매수에 나섬- 개별 뉴스에 업종별 시세는 민감하게 반응. 2차전지, 보험, 디스플레이 상승. 건설, 인터넷, 에너지 하락. 1) 2차전지: LG엔솔의 도요타 배터리 공급 협상 소식과 리튬 가격 강세 지속으로 일부 업체 수혜 기대감 작용. 2) 디스플레이: 일부 업황 바닥에 대한 기대감과 숏커버링 유입으로 추정. 3) 건설: 사우디 빈 살만 왕세자 연내 방한 취소에 네옴시티 테마주 전반 약세. 4) 인터넷: 주말 카카오 데이터센터 화재로 인한 서비스 일시 중단에 카카오그룹주 전반 약세. 일부 데이터센터 테마주는 반사 수혜 기대에 강세- 러시아 전력 손실 지속으로 핵무기 사용 가능성이 없다면 전쟁 노이즈 완화와 일각에서 푸틴 실각 가능성도 거론. 영국 여당 내에서 트러스 총리에 대한 축출 시도 소식도 나오면서 정치적 리스크 완화 여부에 주목. 이번 주 미국 다수의 기업 실적 발표 예정 국내 기업 영향력 확인 필요"
26,22.10.18,한국의 위기감내 능력과 대외여건,1. 한국은행의 통화정책 스탠스- 10월 50bp의 기준금리 인상을 단행한 배경에 대하여 한은 총재는 FOMC의 다소 매파적 스탠스에 영향을 받은 것으로 언급.- 한미간 금리차 및 리스크요인으로 외환시장 변동성은 확대되었지만 대외건전성 등은 양호한 점으로 볼때 급격한 위기 가능성은 제한적.- 대외금융자산과 경상수지가 지난 위기 대비 양호한 수준이며 대외채무도 안정적이므로 빠른 금리인상 제한적.
27,22.10.18,Yuanta Morning Snapshot (2022.10.18),"■ 시장 리뷰 & 코멘트▶ 한국 증시코스피지수는 전장대비 +7.16pt(+0.32%) 상승한 2,219.71pt에 마감. 외국인 장중 매수세 전환으로 상승 마감▶ 미국 증시다우산업지수는 전장대비 +550.99pt(+1.86%) 상승한 30,185.82pt에 마감. 영국 감세 철회 및 3분기 다수 기업 실적 호조 기대로 상승 마감▶ 아시아 증시닛케이지수는 전장대비 -314.97pt(-1.16%) 하락한 26,775.79pt에 마감. 중국의 경제 성장 둔화 우려 및 엔화 약세로 인한 시장내 매도세에 하락 마감상해종합지수는 전장대비 +12.95pt(+0.42%) 상승한 3,084.94pt에 마감. 시진핑 주석의 대만 통일 관련 발언 및 당대회 기대감에 방산주 주도 상승 마감"
28,22.10.18,[DS Daily] 뉴욕 한장,"미 증시, 영국 감세안 폐기에 따른 채권시장 안정에 상승· 뉴욕 엠파이어 제조업지수는 -9.1pt(-8pt MoM)으로 전월에 이어 위축 국면 지속· 10년물(4.01%, -0.8bp)과 2년물(4.44%, -5bp)는 숨고르기. 영 헌트 총리 감세안 폐기에 매도 주춤· S&P500은 자동차(+6.13%), 유통(+4.29%), 부동산(+3.89%)이 가장 아웃퍼폼· 달러(-1.07%)는 파운드화 상승에 따른 하락 관측· WTI(-0.18%)는 달러가치 하락에도 전일 수준 유지. 바이든에 대항한 OPEC+ 회원국들은 추가 감산 지지"
29,22.10.17,"코스피 내년도 ROE 하락, 업종별 ","글로벌 경기침체에 따른 수익성 악화 우려글로벌 경기 침체 우려가 불거지면서 기업 수익성을 점검할 필요가 높아지고 있다. 그 중에서도 주목할 것은 한국의 ROE 하락이다. MSCI 12개월 선행 ROE를 살펴봤을 때, 타지역 대비 큰 이익 하향조정에 6월 이후 빠르게 하락했기 때문이다. 연도별 코스피 ROE 또한 2022년 9.1%에서 2023년 8.6%로 하락할 것으로 예상된다. 올해와 내년 한국 ROE를 업종별로 살펴보고자 한다."
>>>>>>> d94d1e5bc2617341817aaa91149fa23bbc08a09b
