,일자,종목,내용
<<<<<<< HEAD
0,25.07.29,PI첨단소재,"▶ 2Q25 실적 발표 요약- 2분기 매출 725억 원, 영업이익 162억 원 기록 (OPM 22%)(컨센서스 매출 772억 원, 영업이익 178억 원(OPM 23%))- 가동률은 약 69%로 전분기 대비 17%p 상승- 방열시트 비중 증가와 환율 하락, 제품 믹스 변화로 ASP는 낮아졌지만 생산량은 증가- 단가인하 X"
1,25.07.29,대우건설,"상반기보다는 약할 주가 모멘텀 원전 모멘텀 기반 연초이래 주가 23% 상승. 3Q 체코 원전 수주계약 이후 다음 목표는 26년에 구체화될 폴란드 원전. 이라크/나이지리아 중심 수의 계약, 연간 주택 분양계획 상향 등의 긍정적 전망에도 주가 상승 강도는 상반기 대비 약화 예상 변수는 8월 구체화될 신정부 주택공급 확대안 및 원자재가/외주비 안정화 따른 주택 수익성 개선 가능성. 대표 주택업체로서 업황 회복시 수혜 기대"
2,25.07.29,현대오토에버,"2Q25P Re: SI가 견인한 호실적으로 컨센서스 이익 +18.5% 상회 매출액 1조원(+13.5% 이하 YoY), 영업이익 814억원(+18.7%)로 영업이익 컨센서스 687억원을 +18.5% 상회하는 호실적을 기록했다. 지난 분기 차량 SW 이연 매출 인식과 더불어 SI 중심의 수익성 개선이 주요했다. 차량 SW는 이연 매출 인식으로 +19.8% QoQ의 외형 성장을 기록했으나 고객사의 업황 불확실성 영향으로 GPM 개선 폭이 +4.9%p QoQ에 그치며 기존 추정 대비 하회했다. 그러나 그룹 전반적인 DX 수요가 지속되며 SI는 견조한 매출 성장(+29.5% QoQ) 및 GPM 개선(+5.2%p)를 시현, 분기 및 반기 최대 이익을 견인했다."
3,25.07.29,iM금융지주,"FY25 2Q 연결당기순이익 1,550억원, QoQ 0.5%↑, YoY 304.7%↑ iM금융지주의 2025년 2분기 당기순이익(연결기준) 1,550억원으로 전분기 및 전년동기대비 각각 0.5%, 304.7% 증가세를 시현함. 이익이 전분기대비 증가한 이유는 비이자이익의 증가에 기인하며, 전년동기대비 증가한 이유는 대손충당금 감소 때문임. 2025년 2분기 iM금융지주의 순이자이익은 4,073억원으로 전분기대비 1.0% 소폭 증가했으나 전년동기에 비해서는 7.1% 감소했는데, 시장금리 하락으로 인해 NIM이 소폭 하락했기 때문. 2분기 그룹 및 은행 NIM은 각각 1.89%, 1.77%로 전분기대비 모두 1bp씩 하락함. 비이자이익은 1,340원으로 전분기대비 13.3% 늘었는데, 시장금리 하락 및 주식시장 호조로 인해 수수료수익 및 유가증권관련 손익이 증가했기 때문. iM금융의 2025년 2분기 그룹판관비는 2,584억원으로 전분기 및 전년동기대비 각각 6.7%, 12.7% 증가했는데. 이에 상반기 누적 그룹 CIR는 47.1%로전년동기대비 6.2%P 상승함. 2025년 2분기 충당금전입액은 844억원으로 전분기대비 20.4% 증가했으나, 전년동기에 비해서는 73.3% 감소함. 충당금전입액이 전년동기대비 감소한 이유는 전년도 증권사  부동산 PF관련 충당금 적립에 따른 기저효과 때문임. 무엇보다 향후 대규모 충당금 적립 가능성은 높지 않다는 점에서 올해 실적 개선이 기대됨. 2025년 상반기 누적기준 iM금융의 그룹 및 은행 대손비용률은 각각 0.49%, 0.46%로 전년동기대비 100bp, 33bp 하락하면서 견조한 모습 시현. 2025년 6월말 기준 iM금융지주의 CET1비율은 12.15%로 전분기대비 12bp 개선됨."
4,25.07.29,iM금융지주,"대손비용 급감으로 2분기 순익 컨센서스 상회. 증권 상반기에만 525억원의 실적 거양 iM금융에 대한 투자의견 매수를 유지하고, 목표주가를 17,500원으로 상향. 목표가 상향은 호실적 지속에 따른 이익추정치 상향과 CET 1 비율 개선으로 그동안 할증적용해왔던 자기 자본비용률을 완화해 multiple을 상향했기 때문. iM금융의 2분기 순익은 YoY 305.1% 증가한 1,550억원을 시현해 컨센서스와 우리예상치를 상회. 컨센서스를 크게 상회한 호실적의 배경은 1) 대손충당금 감소 때문. 2분기 대손비용은 642억원에 불과해 드라마틱하게 낮아진 1분기 대손비용 700억원보다 더 낮아짐. 이는 증권에서 PF 충당금 환입 65억원 외에 경상 충당금도 거의 늘지 않으면서 2분기에도 순환입이 발생했고, 은행도 대손비용이 730억원에 그쳤기 때문. 2) NIM이 1bp 하락했지만 은행 원화대출이 0.4% 증가해 그룹 순이자이익은 QoQ 1.0% 증가했고, 3) 증권 브로커리지 수수료 증가 등 그룹 수수료이익이 확대된데다 은행 유가증권관련익 개선에 힙입어 비이자이익도 상당히 양호한 모습을 보였음. 4) 판관비는 다소 증가했지만 법인세 실효세율이 낮아진 점도 이익 개선에 기여. 증권은 상반기에만 525억원의 실적을 거양했고, 그룹 전체적으로도 3,090억원의 이익을 시현하면서 올해 연간 추정 순익은 4,700억원을 상회할 가능성이 높아졌다고 판단. 이는 전년대비 약 115% 증익되는 수치로 시장에서 기대하고 있는 턴어라운드 스토리 달성이 더욱 명약관화해진 상황"
5,25.07.29,쏠리드,"쏠리드 매수 투자 의견 유지하나 12개월 목표가 12,000원으로 하향쏠리드에 대해 기존의 매수 투자 의견을 유지한다. 1) 2025년 4분기 이후 다시 괄목할만한 이익 성장을 나타낼 전망이고, 2) 최근 제품 개발 상황과 매출처 동향을 감안하면 2026~2027년 장기 실적 전망은 오히려 긍정적으로 변화하는 양상이며, 3) 역사적 PBR/PER를 감안하면 현저히 저평가된 상황이기 때문이다. 단 2025년 이익 전망치를 하향 조정함에 따라 12개월 목표가를 기존 15,000원에서 12,000원으로 낮춰 제시한다."
6,25.07.29,iM금융지주,"2Q25 지배 순익 1,550억원(+305% YoY), Surprise! iM금융지주의 2Q25 지배주주 순익은 1,550억원(+305% YoY)으로 당사 추정과 컨센서스를 15% 상회하는 어닝 서프라이즈를 기록. 당사 추정과 비교하면 수수료이익이 기대 이상의 회복을 나타냈고 판관비는 더 컸으나 충당금 비용의 축소가 이를 상회. 특이요인으로는 PF 충당금으로부터 1Q25와 마찬가지로 환입이 일부(65억원) 발생함 순이자마진(NIM)은 지주와 은행 모두 1bp QoQ 하락. 금리 repricing 장기화를 통한 마진 민감도 축소와 예대율 확대가 병핸되면서 마진이 비교적 잘 방어된 것으로 평가. 대손비용률(CCR)은 0.52%, 환입 요인 제외 시 0.56%로 PF 충당금 전입 영향이 가장 컸던 전년 동기보다 크게 개선(2Q24 CCR 1.98%)"
7,25.07.29,iM금융지주,"2Q25 순이익 컨센서스 상회IM금융지주의 2Q25 지배주주순이익은 1,550억원으로 컨센서스를 14.9% 상회하였다. 컨센서스 상회는 대손비용 감소에 기인한다. 증권 자회사에서는 1분기 부동산PF 관련 142억원 환입에 이어 2분기 역시 65억원의 환입이 발생했다. 2분기 이자이익은 전분기 대비 1.0% 증가하였는데 이는 은행 원화대출이 전분기 대비 0.4% 증가하고 NIM이 1bp 하락한 것에 기인한다. 비이자이익은 전년동기 대비 4.7% 감소하였는데 양호한 유가증권이익에도 불구하고 보험 자회사의 장기채권 평가손실이 발생 및 2Q24 증권 PF충당금의 일부가 비이자계정으로 환입처리 된 기저 효과 때문이다. 연간 그룹 CCR은 50bp 중반이 예상되며 연간 은행 NIM은 하반기 고금리 주담대 리프라이싱 효과로 1.75% 수준에서 관리될 전망이다."
8,25.07.29,두산밥캣,"2Q25 영업이익, 당사 추정(2,061억원) 및 컨센서스(2,140억원) 부합2Q25 매출액 2.2조원(YoY -1%, QoQ +5%), 영업이익 2,043억원(YoY -15%, QoQ +2%)으로 매출과 영업이익 모두 컨센서스에 부합. 관세 불확실성에 대비한 북미 지역 재고 조정, 유럽 경기 둔화 등으로 연결 매출의 YoY 감소세가 7분기 연속 이어졌으나 감소 폭은 축소. 영업이익은 매출 감소와 더불어 철강, 알루미늄 등에 부과된 관세로 인한 원가 상승, 전년 대비 확대된 프로모션 비용 등으로 YoY -15% 감소"
9,25.07.29,에스원,"2Q25 Review매출액 7,327억원 YoY +5.3%, 영업이익 615억원 YoY +17.6%, 당기순이익 521억원 YoY +5.3%. 시장기대치 상회.[시큐리티 서비스] 3,507억원, YoY +4.6%. 내수경기 침체에도 성장지속. 신상품 중심 타깃 시장 공략 및 대형 수주 확대. 기존 고객 재계약 활동 강화로 리텐션 제고. 고화소 카메라, AI 기반 영상 분석 등 지능형 보안 상품 고도화[인프라 서비스] 건물관리: 2,137억원 YoY +9.6%. 관계사(삼성전자 평택캠퍼스) 및 외부(CJ올리브네트웍스) 대형 수주. 보안서비스 및 솔루션: 2,109억원 YoY +7.9%. 미국, 헝가리 해외 수주 지속, 국내 성수 크래프톤 통합 보안 등 대형 프로젝트 수주"
10,25.07.29,에스티팜,"투자의견 매수, 목표주가 140,000원 유지동사 기업가치의 핵심 성장 동력은 올리고 CDMO 사업으로, 원료를 공급하던 임상 파이프라인들이 상업화 단계에 진입하면서, 상업화 품목 매출 비중이 지속 확대되는 추세. 8월 21일 동사가 원료를 공급하는 유전성 혈관부종 치료제의 FDA 승인이 예정되어 있으며, 하반기에는 중증 고지혈증 치료제 및 동맥경화증 치료제 임상 3상 결과 발표 예정. 미토콘드리아 결핍 증후군 치료제 또한 연내 FDA 승인이 예정되어 있어, 상업화 품목 수 증가에 따른 매출 성장세가 가시화되고 있음. 더불어 4분기부터 제2올리고동이 본격 가동될 예정으로, 신규 파이프라인 수주도 기대되어 투자의견 매수, 목표주가 140,000원 유지"
11,25.07.29,효성,"투자의견 매수, 목표주가 115,000원으로 40.2% 상향목표주가 상향은 효성중공업 주가 상승에 따른 NAV 증가를 반영하였으며, NAV 대비 Target 할인율은 65%로 당사 지주 커버리지 종목 중 가장 높은 편 효성의 2025년 2분기 실적은 영업이익이 당사 및 시장 기대치를 크게 상회하는 깜짝 실적 시현. 주된 이유는 ① 효성중공업의 실적 서프라이즈에 따른 지분법 손익 증가 ② 연결자회사인 효성티앤에스의 실적 개선 ③ 지분법 손실을 예상했던 효성화학이 온산 터미널 매각이익 반영에 따라 지분법 이익 반영 등 연결자회사인 효성티앤에스는 미국 대형은행 및 유럽 시장 수주물량 확대와 동남아(인도, 인니)시장 매출 호조와 비용절감에 따라 수익성이 개선되는 중. 하반기에도 선진국향 매출 증가에 따른 수익성 개선 기조 지속될 전망. 지분법 자회사인 효성중공업의 실적도 하반기 견조한 흐름을 예상. 실적 호전에 따라 연말 배당 증가에 대한 기대감 유입 가능하다는 판단. 25년 추정 DPS 3,000원에서 3,500원으로 상향"
12,25.07.29,현대오토에버,"투자의견 매수 유지, 목표주가 240,000원 유지TP 24만원은 2025년 EPS 7,043원에 Target PER 35배(실적 리레이팅/그룹사 내 역할 기대감 반영됐던 ‘23말~’24초 밸류) 적용하여 산출. SI/부품사 피어 그룹 대비 지속 프리미엄 받아옴. 고밸류 주식으로서 주가 변동성은 불가피한 부분. 1) HMG 메타플랜트에 휴머노이드 로봇 투입, 2) 클라우드 사업 고성장  지속, 3) 2027년 레벨2+ 자율주행차 양산에 따른 동사의 구조적 성장 지속될 것으로 전망. 이에, 중장기 기업가치 우상향 지속될 것으로 전망"
13,25.07.29,삼성전자,"삼성파운드리, 되살아나는 불씨7월 28일 대규모 수주 계약으로 삼성파운드리를 바라보는 우려의 시각은 완화. 2nm 포트폴리오 확대 (엑시노스 2600, 테슬라 AI 6 반도체), 3nm 가동률 개선 (엑시노스 2500의 갤럭시 플립7/7FE 탑재), 견고한 4nm 가동률 (HBM4 Base Die 효과 추가 기대 가능), Legacy에서의 개선 기회 (8nm와 CIS) 등을  감안 시, 삼성파운드리의 경쟁력과 이익 환경은 저점을 통과하고 있다는 판단. 분기 영업적자 폭 축소는 하반기 보다 가시성 있게 나타날 것이며, 연간 영업적자는 2025년 7.4조원에서 2026년 2.3조원으로 축소될 것으로 전망."
14,25.07.29,삼성전자,"삼성 피벗과 그 의미 삼성전자는 거대한 기술 제국이 흔들리는 듯한 풍경 속에 우리는 어느덧 익숙해져 있었다. DRAM 시장이 사상 최고치를 향해 가는 동안에도 삼성의 수익성은 기대를 밑돌았고, HBM 은 엔비디아의 공식 인증에서 SK 하이닉스와 마이크론에 밀려났다. NAND 는 QLC 전환에 뒤처진 채 수익성과 시장점유율 모두에서 과거의 압도적 경쟁력을 잃어가고 있었고, 파운드리 사업은 무분별한 투자로 적자의 늪에서 헤어나지 못하고 있었다. 이 모든 내용들은 한 가지 공통된 뉘앙스를 품고 있었다 ? 삼성은 방향을 잃었고, 반도체 산업의 헤게모니에서 서서히 밀려나고 있다는 것이다. 투자자들의 관점에서 보면 삼성에겐 미래가 없어 보였다. 하지만 때로는 단 한 번의 사건으로 게임은 전환점에 진입하게 되는 경우가 있다. 삼성이 테슬라 AI6 칩을 수주했다는 사실은 숫자보다는 그 자체로 의미를 갖는다. 테슬라는 단지 전기차 기업이 아니다. 테슬라와 일론 머스크는 AI, 로보틱스, 엣지 컴퓨팅, 자율주행, 우주 개발 시대의 기술 플랫폼을 설계하는 만들어 가는 실리콘 밸리의 혁신을 상징하는 기업이다. 그런 테슬라가 검증된 TSMC 의 압도적 기술 우위 속에서도 삼성의 손을 잡았다는 사실은 단순한 위탁생산 계약을 넘어서는 의미가 있다. 그것은 삼성의 GAA 공정이 ‘믿을 수 있는 기술’임을 처음으로 시장과 고객이 함께 인증한 순간이다. 한동안 내부 고객에만 한정적이었던 삼성 파운드리가 외부 세계와 다시 연결되기 시작했음을 의미하는 것이다. 이번 테슬라 수주 건은 165 억 달러라는 하나의 숫자가 아니라 힘없이 침몰하고 있던 삼성에 극적으로 던져진 구명보트와 같은 것이다. 이 같은 극적 변화를 우리는 ‘삼성 피벗(Pivot)’ 이라 부르고 싶다. 무너지는 것처럼 보이던 거대한 제국이 침묵 속에서 방향을 바꾸고 있었음을 암시하는 첫 장면이 될 지도 모른다. 테슬라 AI6 칩은 HW6 를 넘어 로보택시, 옵티머스 로봇, 자체 AI 훈련 슈퍼컴까지에 이르는 일론 머스크의 ‘문샷(Moonshot)’ 전략의 핵심이 될 전망이다. 그 모든 여정에서 삼성의 실리콘이 테슬라 신경망의 일부로 녹아들게 된다면, 삼성은 현대 AI 문명의 핵심 조각가로 재평가될 수 있을 것이다."
15,25.07.29,iM금융지주,"투자의견 매수, 목표주가 19,000원 유지iM금융지주에 대한 투자의견 매수와 목표주가 19,000원을 유지한다. 동사는 연초 이후 지속적인 실적 턴어라운드를 통해 이익 체력과 자본적정성에서의 빠른 회복을 보이고 있으며, 이에 힘입어 하반기 자사주 추가 매입·소각 200억원을 공시했다. 동사는 지난 기업가치제고계획에서 2027년까지 1) 보통주자본비율 12.3%, 2) 주주환원율 40%, 3) 자사주 매입·소각 1,500억원 달성을 목표로 제시한 바 있는데, 자본비율과 자사주 금액의 빠른 증가에 따라 위의 목표들을 조기에 달성할 수 있을 것으로 예상한다."
16,25.07.29,고영,"뇌수술용 의료로봇 지니언트 크래니얼 미국에서 올해 5대 설치를 시작으로 향후 3년 안에 100대 판매 예상되면서 1,700억원 매출 달성 가능할 듯 동사 뇌수술용 의료로봇인 지니언트 크래니얼(Geniant Cranial)이 올해 1월 미국 FDA 510(k) 인증을 획득하였다. 현재 미국 내 뇌수술용 의료로봇이 판매 가능한 신경외과 상급 병원은 총 1,437개이며,  이중 우선 타겟으로 선별한 301개 병원을 중심으로 시장을 집중 공략해 나갈 예정이다. 이를 위해 현재 동사의 U.S. Surgeon Advisory Board(SAB, 총 9개 병원) 등 초기 주요 거점 병원을 중심으로 Demo 및 판매에 집중할 계획이며, 향후에는 50개 주별 거점병원을 중심으로 판매를 확대할 예정이다. 현재 미국 캘리포니아주 샌디에이고에 위치한 의료 오피스를 거점으로 직영체제로 운영되고 있는데, 향후에는 지역별 확장을 위하여 새로운 판매상 등을 영입할 예정이다. 다른 한편으로는 4월 말 미국 보스턴에서 열린 AANS(The American Association of Neurological Surgeons) 학회에서 미국 의료진을 대상으로 제품을 선보였으며, 미국 의료진들의 긍정적인 반응을 얻으면서 지니언트 크래니얼의 인지도 등을 높여왔다. 무엇보다 지니언트 크래니얼이 기존 뇌수술로봇과의 차별화 요인은 세계 최초 침대부착형 뇌수술로봇으로 설계되어 있어서 수술 공간 활용성, 다양한 자세 대응 능력  등 실제 수술실 환경에서 유연성이 뛰어날 뿐만 아니라 광학 센서를 통한 로봇의 실시간 위치 및 자세 추적이 가능해 수술 정밀도가 높아지면서 수출성공률을 향상 시킬 수 있다. 이러한 차별화 요인을 기반으로 지난 26일 미국 대형 병원에 지니언트 크래니얼이 단순 테스트용이 아닌 판매용으로 설치되었다. 즉, 실제 수술에 활용되면서 수개월 이후에 매출로 인식될 것이다. 이러한 지니언트 크래니얼은 뇌전증, 파킨슨병, 뇌종양 등 고난도 뇌질환 치료에 활용될 예정이다. 올해 미국에서 5대 이상의 설치가 가능할 것으로 예상된다. 이를 기점으로 수술 레퍼런스 확보가 가속화될 것으로 예상됨에 따라 미국 내 설치 확산이 가시화 될 것이다. 이에 따라 지니언트 크래니얼이 미국에서 향후 3년 안에 100대 이상 판매가 가능할 것으로 예상된다. 무엇보다 이러한 지니언트 크래니얼의 ASP는 120만달러로 예상됨에 따라 해를 거듭할수록 매출 성장이 가속화 될 것이다."
17,25.07.29,JYP Ent.,"2Q25 Preview: 영업이익 432억원(+362.9% YoY) 추정2분기 실적은 매출액 1,903억원(+98.8% YoY, +35.2% QoQ), 영업이익 432억원(+362.9% YoY, +120.3% QoQ, OPM 22.7%)으로 시장기대치(415억원)를 상회할 것으로 추정된다. 2분기 스트레이키즈(이하 “스키즈”) 스타디움 투어 23회차(109만명) 반영되면서 실적개선을 견인할 것으로 예상되기 때문이다. 스키즈 실적기여 추정치를 기존 160억원에서 234억원으로 상향했는데, MG(출연료, 회당 15억원→20억원)와 MD(Merchandise) 구매금액(인당 7.5만원→10만원~15만원) 가정을 상향한데에 기인한다.  탑라인은 220만장의 앨범판매량(스키즈 일본, ITZY, NEXZ, 킥플립 등)과, 142만명의 모객 실적(스키즈, DAY6, NMIXX 투어 등), 1분기에 진행된 스키즈 팬미팅 MD의 온라인 주문 물량이 2분기 매출로 반영되며 양호한 성장이 예상된다."
18,25.07.29,에이비엘바이오,"7 월 28 일 ABL 바이오 대표이사 간담회 요약 2025 년 7 월 28 일 간담회에서 강조한 중장기 성장 전략은 다음과 같음① ABL301: 파킨슨병 치료제로 개발 중인 ABL301 은 Sanofi 에게 sponsorship이 이양되어 글로벌 임상 2 상이 단독으로 진행될 예정임. Sanofi 측 공식 이메일을 통해 ABL 과의 협력 지속 의지가 확인되었으며, 임상 진척에 따른 마일스톤 수취 및 플랫폼 검증 효과가 기대됨② Grabody-B 플랫폼: CNS 및 비-CNS 질환의 약물 뇌 전달을 가능하게 하는 ABL 의 핵심 플랫폼으로, 다양한 모달리티에 적용 가능할 것으로 기대됨. GSK 와의 연구개발은 ABL 바이오의 Grabody-B 와 GSK 가 보유한 노블 항체 타깃의 이중항체 공동개발 진행 중임. GSK 가 개발과 임상을 전적으로 단독 수행하며, ABL은 마일스톤 및 로열티 수취 구조로 타깃은 알츠하이머병 관련 고유 항원임, Ionis 와는 Grabody-B를 올리고뉴클레오타이드에 적용하여 CNS 및 근육에 전달하는 것을 연구 중. 2025 년 하반기 Ionis 와 공동으로 Nucleic Acid Research 저널에 논문 제출 예정임. Grabody B 플랫폼을 통해 CNS 뿐 아니라 근육·지방·대사 질환으로의 플랫폼 확장 가능성 확인되어 경쟁사 대비 차별성을 보여주었음. Denali, JCR, Roche 대비 투과율·안정성에서 경쟁력 확보하고 있으며, 자체적으로 CD98hc 와 IGFR 기반의 듀얼 BBB 셔틀 기술을 개발 중③ Grabody-T 플랫폼: 4-1BB 기반 이중항체는 T 세포의 메모리화를 유도해 장기 치료 반응을 연장하며, CD3 기반 T 세포 인게이저 대비 낮은 부작용과 우수한 안전성을 보이는 유망한 항암 기전임. ABL111 (Claudin18.2 × 4-1BB)는 옵디보와 폴폭스 병용으로 글로벌 임상 1b 상이 진행 중이며, 서구권 위주 환자 확대로 유의성 높은 결과 도출을 목표로 하고 있음. ABL001 (DLL4 × 4-1BB)은 담도암 2 차치료제로서 2027 년 FDA 승인을 목표로 함. 승인 시 마일스톤 및 판매 로열티 유입을 통해 지속적인 수익을 창출할 수 있게 된다는 점에서 중요한 자산임. 기술이전 만으로는 재무적 안정성을 확보하기에 부족함. ABL104 과 ABL105 은 유한양행에 기술 이전된 4-1BB 이중항체로서 각각 HER2 및 EGFR 타깃하고 있음. 이전에 보여준 임상 초기 결과보다 더 유효한 임상 중간 결과가 도출되고 있음④ 이중항체 ADC 플랫폼: ABL206 과 ABL209 는 미국 자회사에서 개발 중이며, 2025 년 11 월에 FDA IND 제출, 2026 년 AACR 에서 타겟 공개(oral presentation)를 목표로 함. 이중항체 ADC 분야에 있어서 선두 파이프라인을 확보할 수 있을 것으로 예상하며, 이중항체 ADC 개발 시 차별화 전략으로 듀얼 페이로드 설계와 Topoisomerase inhibitor 내성 극복용 노블 페이로드를 확보하였음. 2024 년의 전환우선주 발행을 통한 1400 억원의 자금 확보는 이중항체 ADC가 핵심 투자 대상이며, 성과로 입증될 것임"
19,25.07.29,RFHIC,"2Q25 잠정실적 발표: 어닝 서프라이즈 - 2Q25 매출액과 영업이익은 각각(이하 YoY) 446억원(+71%), 83억원(흑자전환)으로 컨센서스를 6%, 63% 상회하는 어닝 서프라이즈 기록. 2분기 호실적으로 25년 영업이익 가이던스 200억원 → 240억원 상향 조정- RFHIC의 부문별 수익성은 통신 10%, 국내 방산 9% 이상, 해외 방산 20% 이상. 2분기 수익성이 높은 해외 방산 매출액이 늘며 이익 성장 견인한 것으로 파악됨"
20,25.07.29,삼성전자,"What’s New: 2025년 7월 28일 글로벌 대형 기업으로부터 반도체 위탁생산 공급계약 체결 공시 공급 계약 규모는 22조 7,647억원 수준(165억 4,416만 달러) 공급 기간은 2025년 7월 24일부터 2033년 12월 31일(8년 5개월)"
21,25.07.29,iM금융지주,"■ 2Q25 지배순이익 1,550억원(+304.7% YoY) 기록- iM금융지주의 2Q25 지배순이익은 1,550억원(+304.7% YoY)으로 컨센서스를 상회- NIM은 은행/그룹 모두 1bp QoQ 감소. 은행채 등 시장금리 하락에 따른 대출금리 하락 및 위험가중치 낮은 자산 중심 리밸런싱 과정에서 전반적인 NIM 하락이 수반된 상황- 대출 성장도 은행 원화대출 기준 0.4% QoQ 기록. 가계대출의 경우 신용대출은 감소했으나 위험가중치 낮은 담보대출/보증부 대출 등 비중 확대에 따라 1.7% QoQ 성장했으며 기업대출의 경우 보증서대출 중심 선별적 성장 등에 따라 -0.5% QoQ로 역성장하는 모습 나타났음. 은행 RWA 관리 등 영향으로 2Q25 기준 약 18bp의 CET1비율 개선 효과 나타났으며 하반기 중에는 수도권 등 중심으로 성장 추진할 계획. 전체 이자이익은 4,073억원(-7.1% YoY)으로 리밸런싱 등 영향으로 전년 대비 감소- 비이자이익의 경우에도 수수료이익은 견조했으나 전년도 PF 충당금 전입 등 관련 비이자손익으로 잡힌 약 200억원의 기저효과 및 보험사 ALM 관련 채권 교체매매 등 영향으로 564억원(-4.7% YoY)으로 다소 부진 - 다만 Credit Cost가 0.52%(-1.46%p YoY)로 전년도 PF 충당금 적립 기저효과로 큰 폭으로 개선되며 실적 개선"
22,25.07.29,호텔신라,"면세점 사업부 부진이 2분기 실적을 악화 호텔신라 2분기 실적은 시장 및 당사 추정치를 하회하였다. 2분기 연결기준 매출액은 1조 254억 원(전년동기대비 +2.3%), 영업이익 87억 원(전년동기대비 -68.5%)을 달성하면서 시장 영업이익 기대치인 163억 원을 -46.6% 하회하였다. 2분기 실적 부진이 이루어진 이유는 1) 시내면세점 할인율 증가에 따른 마진 하락과, 2) 환율 하락에 따라 원가 부담, 3) 공항점 임차료 및 고정비 부담에 따른 영향이 작용하였기 때문이다. 면세점은 공항 트래픽 증가와 도매채널 비중 확대에 따라 매출액은 전분기 대비 +2.8% 증가하였다. 다만, 환율 및 볼륨 유지 전략에 따른 마진 하락과 공항면세점 고정비 부담이 전체적인 실적을 하락시켰다."
23,25.07.29,교촌에프앤비,"2분기 이익 개선 기대치보다 낮을 전망2025년 2분기 교촌에프앤비 실적은 당사 추정치를 하회할 것으로 전망한다. 2분기 매출액은 당사 추정치에 부합할 것으로 예상한다. 그렇게 판단하는 이유는 1) 수요 회복이 견조하게 이루어지고 있고, 2) 가맹지역본부 전환에 따른 효과와, 3) 원물 가격 상승에 따른 효과가 기대되기 때문이다. 다만, 영업이익의 경우 기존 추정치를 하회할 가능성이 높다. ▶ 가맹점 경쟁력 제고를 위해 5월부터 튀김유 단가를 9.7% 낮게 공급하기 시작했으며, ▶ 윙제품 원산지 변경(국내산 → 태국산)에 따른 효과로 마진율이 하락할 것으로 예상되기 때문이다. 윙제품의 경우 구조적으로 수급이 어려운 측면이 있고, 동사의 매출 비중이 경쟁사 대비 높아 안정적 수급을 위해 전략적으로 원산지를 변경하였다. 다만, 단기적으로 가맹점 공급단가를 낮춤에 따라 마진율은 하락하였을 것으로 추정한다."
24,25.07.29,iM금융지주,"한층 견고해지는 펀더멘탈 은행과 증권 각각 시중은행 전환, 비즈니스 포트폴리오 조정을 통해 이익 체력 강화 중. 실적 턴 어라운드에 기반한 밸류에이션 정상화 기대감 유효"
25,25.07.29,현대오토에버,"2Q25 Review: 예상보다 빠르게 비용 회수 성공 매출액 1.0조억 원(+13.5 YoY, +25.1% QoQ), 영업이익 816억 원(+13.3% YoY, +189.4% QoQ)을 기록하며 시장 기대치(매출액 1.0조 원, 영업이익 683억 원) 및 당사 추정치(매출액 9,883억 원, 영업이익 630억 원)을 수익성에서 상회했다. 현대오토에버 임금 인상이 반영된 Enterprise IT 부문 고객사 단가 인상 협상이 아직 가시화되지 않아 단기 수익성에 부담이 예상됐으나 차량용 SW 부문에서 기대 이상의 이익이 발생한 것으로 판단한다. 자동차 품목관세로 인한 고객사의 차량용 SW 제품군 수요 감소로 매출액 성장률 둔화 추세가 확인됐다. 이익단에서는 고객사로부터 회수한 차량용 정밀 지도 기술 개발비와 직전 분기에서 이연된 커넥티드카 관련 매출이 인식되면서 일시적으로 크게 마진 개선 효과가 나타났다. 또한 해외 수출용 내비게이션 계약의 주체를 현대오토에버 본사가 아닌 현지 법인으로 변경하기 시작하면서 매출 및 매출원가 모두 현지 통화로 인식, 그 동안 원화 약세 국면에서 발생했던 비우호적 환효과가 일부 제거된 영향도 수익성 개선에 기여했다. 특히 원화로 계상되던 차량용 내비게이션 매출액이 현지 통화로 계상되기 시작하면서 2Q25 해외법인 매출액은 미주 법인: +60.4%, 유럽 법인: +77.1%, 인도 법인: +55.0%의 높은 성장률을 기록했다."
26,25.07.29,삼성중공업,"FLNG가 주는 편안함 2분기 실적은 매출 증가와 저가 물량 소진, 믹스 개선 등으로 이익률이 기대치를 상회. 과거 해양사업 부진 시절 FLNG(천연가스 해양생산설비) 경험치 축적으로 과점적 지위 구축. 경쟁사 특수선 사업의 수출 변동성 대비 상대적으로 편안. 멀리보면 가장 안전한 사업 포트폴리오. 하반기 FLNG의 순차적 수주와 실적 개선 지속 예상. 덜 오른 주가와 밸류에이션 매력"
27,25.07.29,iM금융지주,"턴어라운드 이후 실적 안정화2025 년 2 분기 연결순이익은 1,549 억원으로 YoY 306%, QoQ 0.4% 증가했다. 상반기 누적기준 연결순이익은 YoY 106% 증가했다. YoY 높은 이익증가율은 2024 년 부동산 PF 등 충당금비용 증가로 실적이 부진했던 기저효과의 영향이 크다. 1 분기 정상화된 수준의 순이익을 보인데 이어 2 분기 비슷한 규모를 유지하면서 실적 안정성에 대한 신뢰를 높여가고 있다. 특히 2024 년 적자를 기록하는 등 실적부진의 주요 원인이었던 투자증권 실적 회복이 크게 기여하고 있다. 투자증권은 2 분기 QoQ 2.7% 증가한 별도기준 당기순이익 266 억을 기록했다."
28,25.07.29,에이팩트,"■ 반도체 후공정 전문기업으로 주요 고객사는 SK하이닉스와 삼성전자■ 또한 전사적으로 고정비 효율화가 진행되며 사업부 전반에 걸쳐 큰 폭의 수익성 개선이 동반되는 점도 긍정적■ 2025년 매출액 1,100억원(+27% YoY), 영업이익 15억원(흑자전환 YoY) 예상"
29,25.07.29,덱스터,"■ 덱스터는 VFX(시각특수효과)를 중심으로 음향, 광고, 콘텐츠까지 밸류체인을 내재화한 종합 콘텐츠 제작 기업 ■ 동사의 투자포인트는 1) ‘계림’ 프로젝트를 기반으로 B2C 콘텐츠 사업 본격화, 2) 덱스터픽쳐스를 통한 콘텐츠 제작 강화 ■ 2021년 이후 덱스터의 주가는 과거 PBR 밴드 2.5x~19.0x 수준에서 형성되어 왔으며, 2025년 추정 실적 기준 현재 PBR 4.4x는 밴드 하단에 위치함. 한편, 밸류에이션 비교 시 메타버스 및 XR 산업에 대한 기대감에 따라 시기별 적용 멀티플의 변동성이 높다는 점은 반드시 고려되어야 할 사항이라 판단함"
=======
0,22.10.20,대덕전자,
1,22.10.20,한전KPS,
2,22.10.20,티앤엘,"3Q22 Preview: 매출액 225억원(+23% yoy), 영업이익 80억원(+15% yoy)3Q22 추정 매출액은 225억원(+23% yoy, -5% qoq), 영업이익 80억원(+15% yoy, -3% qoq)으로 시장 컨센서스에 부합하는 실적을 기록할 것으로 예상한다. 주력 제품인 여드름 패치와 상반기 출시한 신제품(1Q22 노우즈 패치, 2Q22 페이스, 마이크로니들 출시) 수출, 환율 영향으로 높은 매출액 성장이 지속된 것으로 파악된다. 3Q22 예상 수출 매출액 기여도는 62% 수준이다."
3,22.10.20,NHN한국사이버결제,"3Q22 Preview: 매출액 2,147억원(+11% yoy), 영업이익 119억원(+7% yoy)3Q22 추정 매출액은 2,147억원(+11% yoy), 영업이익 119억원(+7% yoy) 이다. 상반기 수익성 악화 요인이었던 카드사향 수수료가 연초 대비 약 3bp 완화된 수준으로 협의 완료되어 관련 비용이 환입될 예정이며, 수익성이 좋은 해외거래대금 비중은 14%(+1.7%p yoy, +1.4%p qoq)로 상승한 것으로 추정한다. 해외거래대금 비중 상승은 3Q22 테슬라 국내 판매량이 전분기대비 +88% 증가하면서 기여도가 높았을 것으로 판단한다. 따라서, 매출총이익률은 1H22 10.6% → 3Q22 11.2%로 개선이 가능할 것으로 예상한다."
4,22.10.20,웹젠,"3Q22 Preview: QoQ 부진 & 당사 및 시장 전망치 미달 추정3Q22 연결영업실적은 매출 612억원(qoq -12%), 영업이익 178억원(qoq -31%)으로서 QoQ 부진하고 당사 및 시장 컨센서스 전망치에 상당수준 미달할 것으로 추정한다. 매출이 QoQ 12% 감소할 것으로 추정하는 것은 직접 서비스 게임(총액매출)도 중국 퍼블리셔 서비스 게임(순액매출)도 대체로 골고루 감소하는 가운데 특히 단일 게임 매출규모가 가장 큰 [뮤오리진3 한국] 매출이 QoQ 40% 이상 급감하는 반면 [뮤 아크엔젤2 대만], [R2M 대만/홍콩/마카오] 등의 매출기여가 이를 메이크업하지 못한 것으로 추산되기 때문이다. [뮤 아크엔젤2 대만]은 영업일수 증가(첫 분기인 전분기 영업일수 64일)에도 불구하고 분기 매출이 QoQ 감소할 정도로 일평균 매출 QoQ는 대폭 감소한 것으로 추산되며, 7/26 론칭한 [R2M 대만/홍콩/마카오]는 기본적인 흥행부진에다 영업일수까지 길어서 일평균 매출은 0.5억원에도 못 미쳤던 것으로 추산된다."
5,22.10.20,SK이노베이션,
6,22.10.20,LG화학,
7,22.10.20,락앤락,■ 자체 기술력을 기반으로 사업 다각화 추진■ 라이프 스타일 변화 등의 요인에 따른 시장 성장 전망■ 시장환경 변화에 대응한 전략적 마케팅 강화 및 제품 개발
8,22.10.20,이연제약,■ 안전성과 성장성을 모두 확보한 케미컬(합성)의약품 포트폴리오■ 바이오 및 합성의약품 생산허브 충주공장 완공■ 생산 중심 R&D 전략과 사업 다각화로 신성장 동력 확보
9,22.10.20,노루페인트,"■ 노하우와 기술력을 기반으로 국내 페인트 산업의 트렌드를 선도■ 제품의 친환경화, 고급화 기조로 인해 산업의 부가가치 증가 전망■ 고부가가치 제품 개발, 생산을 통해 신성장동력 확보"
10,22.10.19,에코프로비엠,"에코프로비엠에 대한 투자의견 BUY, 목표주가 18 만원을 유지한다 . 에코프로비엠의 3Q"
11,22.10.19,카카오게임즈,"3Q22 Preview: 영업이익 컨센서스 하회 예상3Q22 매출 3,402억원(YoY -27.0%), 영업이익 633억원(YoY +48.3%) 기록 예상. ‘오딘(대만)’ 매출 하향 예상 대비 빠르게 이루어지고, 9월 ‘우마무스메’ 매출 급락으로 컨센서스(매출 3,608억원, 영업이익 737억원) 하회 추정. 게임 매출 2,405억원 중 ‘오딘’(대만)은 출시 효과 빠르게 제거, ‘오딘(국내)’도 하향안정화 지속되며 3Q 오딘 일매출(합산) 14.9억원 추산. ‘우마무스메’는 7월 ‘키타산블랙’ 업데이트로 매출 급등에도 운영 이슈로 9월 구글 매출 순위 10위권 내에서 55위까지 급락, 3Q 일매출 7.7억원 예상. 기타 매출은 계절성 영향으로 997억원 전망(YoY +165%, QoQ -10%). 영업비용 중 지급수수료는 자체 IP ‘오딘’ 비중 감소로 게임 매출 대비 47.7% 예상(QoQ +6.1%p). 인건비 인력 충원 제한으로 QoQ +6%, 마케팅비는 출시 예정 신작과 기존 게임 업데이트 마케팅으로 매출 대비 7% 예상."
12,22.10.19,에코프로비엠,
13,22.10.19,대한항공,
14,22.10.19,SBS,
15,22.10.19,삼성바이오로직스,"3Q22 Preview: 환율효과와 Full 가동3Q22 실적은 연결 기준 8,331억원(+84.8% yoy, +27.9% qoq), 영업이익 2,459억원(+46.9% yoy, +44.9% qoq)으로 컨센서스를 상회할 것이라 예상한다. 삼성바이오로직스의 CDMO 사업부 별도만으로도 컨센서스를 상회하는 호실적을 기록할 것으로 보이는 이유는 1)달러 강세로 매출액에 환율 효과가 반영되었으며, 원료는 파트너사 공급으로 비용 상승 상쇄 2)1H22 2공장 유지보수 비용이 인식되었던 반면 2H22는 FULL 가동상태가 유지되고 있고, 3)제품믹스 개선 및 휴미라 바이오시밀러 FDA허가에 따른 마일스톤이 유입되었기 때문이다."
16,22.10.19,한미반도체,"3Q22 실적 기대치 하회 예상3Q22 실적은 매출액 803억원(-35%QoQ), 영업이익 308억원(-30%QoQ, opm 38%)으로 컨센서스 영업이익 402억원을 하회할 것으로 예상한다. 실적 부진의 주요 원인은 미국 정부의 중국향 핵심 장비 출하 통제, 글로벌 경기 위축에 따른 투자 감소 등으로 인해 중국 매출이 지속적으로 지연되고 있기 때문이다. 다만 원/달러 환율 약세 영향으로 영업 이익 감소폭은 매출액 감소폭 대비 작을 것으로 추정한다."
17,22.10.19,동국제약,"3Q22 Preview동국제약의 3Q22 예상 실적은 매출액 1,620억원(+11.7% yoy), 영업이익 126억원(+9.2% yoy, OPM 7.8%), 순이익 96억원(+13.6% yoy)을 전망한다. 이는 전년동기에 기록한 어닝 쇼크대비 YoY 회복이 진행된 것이지만, OP Margin이 여전히 낮은 수준으로 수익성 개선이 아직 본격화되지 않은 것으로 예상하는 것이다. 수익성이 과거 대비 낮은 이유는 1)동사의 광고선전비가 1Q22 101억원 → 2Q22 158억원 → 3Q22 170~190억원 예상으로 OTC 부문에서 신제품 출시에 따른 마케팅 활동을 강화하고 있으며, 2)전반적인 에너지(가스, 전력 등) 비용 상승에 따른 원가 부담, 3)일회성 인건비 등의 개별 요인이 3분기 중에 비용 요인이 있었던 것으로 파악된다. 다만, 외형은 안정적인 성장이 진행되고 있는 것으로 파악된다. 부문별로 살펴보면 3Q22 전문의약품 418억원(+13.5% yoy), 헬스케어 492억원(+19.9% yoy), 동국생명과학 279억원(+10.5% yoy), 해외사업 147억원(+12.0% yoy)으로 견조한 매출액 흐름이 진행되고 있는 것으로 보인다."
18,22.10.19,에코프로비엠,"목표주가 187,500원 유지: 하이니켈 양극재 Shortage 지속 중- 24년 예상 EPS +17% 상향 조정: 매출액 +20%, 영업이익 +25% 상향 조정- Target P/E는 기존 35배 → 30배로 소폭 하향 조정. Peer 멀티플 하락 반영- Target P/E 30배는 국내 경쟁사 3사 평균에 20% 할증. 여전히 하이니켈 선두 업체"
19,22.10.19,롯데정보통신,
20,22.10.19,오리온,"22년 9월 Review: 전 지역에서의 순항오리온의 4개 법인 합산 9월 영업실적 성장률은 매출액 +17.1% YoY, 영업이익 +5.4% YoY (3Q22 각각 +20.3%, +8.2% YoY)을 기록했다. 일부 조정 발생에도 3Q22 영업이익은 시장기대치 (1,207억원)를 소폭 상회하는 수준이다. 물량 중심의 외형성장 및 레버리지 효과가 이어졌으며, 이에 따라 원가부담 확대에도 불구, 높은 베이스를 뛰어넘는 이익성장을 시현했다. 추세적인 지배력 상승흐름은 여전히 괄목할 부분이며, 주요 지역 및 카테고리의 시장점유율 개선세 또한 이어지고 있어 미래에 대한 긍정적 기대가 유효하다는 판단이다. 한국 9월 매출액과 영업이익 성장률은 각각 +15.2%, +5.3% YoY (3Q22 +17.6%, +13.6% YoY)이다. 두 자리수의 외형 성장세는 시장지배력 확대 흐름이 유지됨을 의미하며, 원가부담 영향을 최소화하는 레버리지효과 또한 지속되고 있다. 원부자재를 포함한 비용부담 증가에 따른 가격인상 (9/16~, 한국법인 연매출액대비 4% 효과 예상)의 경우 채널별 적용시기를 감안시 1Q23부터의 유의미한 효과가 기대된다."
21,22.10.18,카카오,
22,22.10.18,코스맥스,"3Q22 Preview코스맥스의 3Q22 연결기준 매출액은 YoY 2.6% 감소한 3,849억원, 영업이익은 YoY 29.1% 감소한 177억원으로, 컨센서스 하회하는 실적 전망. 영업이익 부진은 1)국내법인에서의 가격인상 전가가 더뎠고, 대중물량이 감소하며 이익률 감소 2)중국 내 제로코로나 정책으로 3분기 화장품 소비 감소했고, 광군제 선물량 부재했기 때문. 다만, 10월말부터 광군제 물량 반영되는 4분기에는 QoQ로 개선될 전망"
23,22.10.18,카카오,
24,22.10.18,리노공업,"3Q22 Preview: 영업이익 추정치 상향동사의 3Q22 예상 실적은 매출액 882억원(+14.7% yoy), 영업이익 370억원(+15.4% yoy, OPM 41.9%), 순이익 314억원(+8.9% yoy, NPM 35.6%)을 전망한다. 이는 당사의 기존 추정(Sales 865억원, OP 344억원, NI 295억원)을 대비 상향(Sales +2.0%, OP+7.5%, NI +6.7%)한 것이다. 상향 이유는 지난 실적추정 당시 글로벌 IT경기 우려감을 반영한 보수적 관점에서 3Q22 실적을 예상하였으나, 현재 시점에서는 동사의 사업 특성상 R&D 비중이 60% 이상으로 지속적인 IC Test 소켓 수요가 발생하고 있어 YoY 고성장에 무리가 없는 영업환경이 유지되고 있기 때문이다. 중요한 점은 지난 분기에 이어 3Q22 예상 영업이익률 41.9% 수준으로 높은 OP Margin이 유지될 것으로 기대된다는 점이다. 최근 원자재 가격 상승 등의 이유로 기업 전반에 수익성 악화가 나타나고 있는 상황과는 대조적이다. 이는 IC Test 소켓에 있어서 글로벌 Price Maker의 경쟁력이 다시 한번 부각될 것으로 기대되는 점이다."
25,22.10.18,엔씨소프트,"3Q22 Preview: QoQ 부진 지속. 당사 및 컨센서스 전망치 부합 추정3Q22 연결영업실적은 매출 5,724억원(qoq -9%), 영업이익 1,009억원(qoq -18%)으로서 2Q22에 이어 QoQ 부진이 지속되나 당사 및 시장 컨센서스 전망치에는 부합할 것으로 추정한다. 3Q22는 신작이 없는 시기로서 QoQ 부진은 예상되었던 부분이다. [리니지 M 한국/일본. 일본은 미미]은 QoQ Flat 정도가 예상되는데 1Q22, 2Q22 2개 분기 연속 QoQ 대호조였음을 감안하면 상당한 선방이라 할 수 있다. 반면, [리니지 W 1권역] 일평균 매출은 1Q22, 2Q22 2개 분기 연속 QoQ 급감이었는데 3Q22에도 QoQ -20% 내외로서 QoQ 감소세는 다소 완화되나 여전히 가파른 감소가 지속될 것으로 예상한다."
26,22.10.18,덕산네오룩스,코스콤 : 실시간 주가정보 및 국내시세정보
27,22.10.18,삼성바이오로직스,
28,22.10.18,하이비젼시스템,2002년 설립된 카메라모듈 검사장비 업체로 최대 고객사는 북미 A사(80%). 장비업체 
29,22.10.18,하이브,BTS가 병역 의무를 이행하기 위한 구체적인 준비에 착수. 멤버 진(1992년생)이 오는 
>>>>>>> d94d1e5bc2617341817aaa91149fa23bbc08a09b
